"COU","Country","SMALL_SUBNATIONAL_REGION","Small subnational region","LARGE_SUBNATIONAL_REGION","Large subnational region","VAR","Variable","YEA","Year","Unit Code","Unit","PowerCode Code","PowerCode","Reference Period Code","Reference Period","Value","Flag Codes","Flags"
"AUS","Australia","NA","Not applicable","TOTAL","Total","PWM_EX","Mean population exposure to PM2.5","2018","2018","MICRO_M3","Micrograms per cubic metre","0","Units",,,7.73,"E","Estimated value"
"AUS","Australia","NA","Not applicable","TOTAL","Total","PWM_EX","Mean population exposure to PM2.5","2019","2019","MICRO_M3","Micrograms per cubic metre","0","Units",,,9.32,"E","Estimated value"
"AUT","Austria","NA","Not applicable","TOTAL","Total","PWM_EX","Mean population exposure to PM2.5","2018","2018","MICRO_M3","Micrograms per cubic metre","0","Units",,,12.72,"E","Estimated value"
"AUT","Austria","NA","Not applicable","TOTAL","Total","PWM_EX","Mean population exposure to PM2.5","2019","2019","MICRO_M3","Micrograms per cubic metre","0","Units",,,11.58,"E","Estimated value"
"BEL","Belgium","NA","Not applicable","TOTAL","Total","PWM_EX","Mean population exposure to PM2.5","2018","2018","MICRO_M3","Micrograms per cubic metre","0","Units",,,12.54,"E","Estimated value"
"BEL","Belgium","NA","Not applicable","TOTAL","Total","PWM_EX","Mean population exposure to PM2.5","2019","2019","MICRO_M3","Micrograms per cubic metre","0","Units",,,11.25,"E","Estimated value"
"CAN","Canada","NA","Not applicable","TOTAL","Total","PWM_EX","Mean population exposure to PM2.5","2018","2018","MICRO_M3","Micrograms per cubic metre","0","Units",,,7.09,"E","Estimated value"
"CAN","Canada","NA","Not applicable","TOTAL","Total","PWM_EX","Mean population exposure to PM2.5","2019","2019","MICRO_M3","Micrograms per cubic metre","0","Units",,,6.22,"E","Estimated value"
"CZE","Czech Republic","NA","Not applicable","TOTAL","Total","PWM_EX","Mean population exposure to PM2.5","2018","2018","MICRO_M3","Micrograms per cubic metre","0","Units",,,17.56,"E","Estimated value"
"CZE","Czech Republic","NA","Not applicable","TOTAL","Total","PWM_EX","Mean population exposure to PM2.5","2019","2019","MICRO_M3","Micrograms per cubic metre","0","Units",,,14.42,"E","Estimated value"
"DNK","Denmark","NA","Not applicable","TOTAL","Total","PWM_EX","Mean population exposure to PM2.5","2018","2018","MICRO_M3","Micrograms per cubic metre","0","Units",,,10.33,"E","Estimated value"
"DNK","Denmark","NA","Not applicable","TOTAL","Total","PWM_EX","Mean population exposure to PM2.5","2019","2019","MICRO_M3","Micrograms per cubic metre","0","Units",,,9.59,"E","Estimated value"
"FIN","Finland","NA","Not applicable","TOTAL","Total","PWM_EX","Mean population exposure to PM2.5","2018","2018","MICRO_M3","Micrograms per cubic metre","0","Units",,,5.57,"E","Estimated value"
"FIN","Finland","NA","Not applicable","TOTAL","Total","PWM_EX","Mean population exposure to PM2.5","2019","2019","MICRO_M3","Micrograms per cubic metre","0","Units",,,5.45,"E","Estimated value"
"FRA","France","NA","Not applicable","TOTAL","Total","PWM_EX","Mean population exposure to PM2.5","2018","2018","MICRO_M3","Micrograms per cubic metre","0","Units",,,10.47,"E","Estimated value"
"FRA","France","NA","Not applicable","TOTAL","Total","PWM_EX","Mean population exposure to PM2.5","2019","2019","MICRO_M3","Micrograms per cubic metre","0","Units",,,9.83,"E","Estimated value"
"DEU","Germany","NA","Not applicable","TOTAL","Total","PWM_EX","Mean population exposure to PM2.5","2018","2018","MICRO_M3","Micrograms per cubic metre","0","Units",,,11.78,"E","Estimated value"
"DEU","Germany","NA","Not applicable","TOTAL","Total","PWM_EX","Mean population exposure to PM2.5","2019","2019","MICRO_M3","Micrograms per cubic metre","0","Units",,,10.75,"E","Estimated value"
"GRC","Greece","NA","Not applicable","TOTAL","Total","PWM_EX","Mean population exposure to PM2.5","2018","2018","MICRO_M3","Micrograms per cubic metre","0","Units",,,15.69,"E","Estimated value"
"GRC","Greece","NA","Not applicable","TOTAL","Total","PWM_EX","Mean population exposure to PM2.5","2019","2019","MICRO_M3","Micrograms per cubic metre","0","Units",,,15.05,"E","Estimated value"
"HUN","Hungary","NA","Not applicable","TOTAL","Total","PWM_EX","Mean population exposure to PM2.5","2018","2018","MICRO_M3","Micrograms per cubic metre","0","Units",,,17.62,"E","Estimated value"
"HUN","Hungary","NA","Not applicable","TOTAL","Total","PWM_EX","Mean population exposure to PM2.5","2019","2019","MICRO_M3","Micrograms per cubic metre","0","Units",,,14.73,"E","Estimated value"
"ISL","Iceland","NA","Not applicable","TOTAL","Total","PWM_EX","Mean population exposure to PM2.5","2018","2018","MICRO_M3","Micrograms per cubic metre","0","Units",,,6.17,"E","Estimated value"
"ISL","Iceland","NA","Not applicable","TOTAL","Total","PWM_EX","Mean population exposure to PM2.5","2019","2019","MICRO_M3","Micrograms per cubic metre","0","Units",,,6.12,"E","Estimated value"
"IRL","Ireland","NA","Not applicable","TOTAL","Total","PWM_EX","Mean population exposure to PM2.5","2018","2018","MICRO_M3","Micrograms per cubic metre","0","Units",,,8.27,"E","Estimated value"
"IRL","Ireland","NA","Not applicable","TOTAL","Total","PWM_EX","Mean population exposure to PM2.5","2019","2019","MICRO_M3","Micrograms per cubic metre","0","Units",,,7.86,"E","Estimated value"
"ITA","Italy","NA","Not applicable","TOTAL","Total","PWM_EX","Mean population exposure to PM2.5","2018","2018","MICRO_M3","Micrograms per cubic metre","0","Units",,,16.07,"E","Estimated value"
"ITA","Italy","NA","Not applicable","TOTAL","Total","PWM_EX","Mean population exposure to PM2.5","2019","2019","MICRO_M3","Micrograms per cubic metre","0","Units",,,14.66,"E","Estimated value"
"JPN","Japan","NA","Not applicable","TOTAL","Total","PWM_EX","Mean population exposure to PM2.5","2018","2018","MICRO_M3","Micrograms per cubic metre","0","Units",,,13.2,"E","Estimated value"
"JPN","Japan","NA","Not applicable","TOTAL","Total","PWM_EX","Mean population exposure to PM2.5","2019","2019","MICRO_M3","Micrograms per cubic metre","0","Units",,,13.06,"E","Estimated value"
"KOR","Korea","NA","Not applicable","TOTAL","Total","PWM_EX","Mean population exposure to PM2.5","2018","2018","MICRO_M3","Micrograms per cubic metre","0","Units",,,25.88,"E","Estimated value"
"KOR","Korea","NA","Not applicable","TOTAL","Total","PWM_EX","Mean population exposure to PM2.5","2019","2019","MICRO_M3","Micrograms per cubic metre","0","Units",,,25.94,"E","Estimated value"
"LUX","Luxembourg","NA","Not applicable","TOTAL","Total","PWM_EX","Mean population exposure to PM2.5","2018","2018","MICRO_M3","Micrograms per cubic metre","0","Units",,,9.28,"E","Estimated value"
"LUX","Luxembourg","NA","Not applicable","TOTAL","Total","PWM_EX","Mean population exposure to PM2.5","2019","2019","MICRO_M3","Micrograms per cubic metre","0","Units",,,8.46,"E","Estimated value"
"MEX","Mexico","NA","Not applicable","TOTAL","Total","PWM_EX","Mean population exposure to PM2.5","2018","2018","MICRO_M3","Micrograms per cubic metre","0","Units",,,16.66,"E","Estimated value"
"MEX","Mexico","NA","Not applicable","TOTAL","Total","PWM_EX","Mean population exposure to PM2.5","2019","2019","MICRO_M3","Micrograms per cubic metre","0","Units",,,14.72,"E","Estimated value"
"NLD","Netherlands","NA","Not applicable","TOTAL","Total","PWM_EX","Mean population exposure to PM2.5","2018","2018","MICRO_M3","Micrograms per cubic metre","0","Units",,,12.07,"E","Estimated value"
"NLD","Netherlands","NA","Not applicable","TOTAL","Total","PWM_EX","Mean population exposure to PM2.5","2019","2019","MICRO_M3","Micrograms per cubic metre","0","Units",,,11.36,"E","Estimated value"
"NZL","New Zealand","NA","Not applicable","TOTAL","Total","PWM_EX","Mean population exposure to PM2.5","2018","2018","MICRO_M3","Micrograms per cubic metre","0","Units",,,7.21,"E","Estimated value"
"NZL","New Zealand","NA","Not applicable","TOTAL","Total","PWM_EX","Mean population exposure to PM2.5","2019","2019","MICRO_M3","Micrograms per cubic metre","0","Units",,,7.42,"E","Estimated value"
"NOR","Norway","NA","Not applicable","TOTAL","Total","PWM_EX","Mean population exposure to PM2.5","2018","2018","MICRO_M3","Micrograms per cubic metre","0","Units",,,6.65,"E","Estimated value"
"NOR","Norway","NA","Not applicable","TOTAL","Total","PWM_EX","Mean population exposure to PM2.5","2019","2019","MICRO_M3","Micrograms per cubic metre","0","Units",,,6.33,"E","Estimated value"
"POL","Poland","NA","Not applicable","TOTAL","Total","PWM_EX","Mean population exposure to PM2.5","2018","2018","MICRO_M3","Micrograms per cubic metre","0","Units",,,22.48,"E","Estimated value"
"POL","Poland","NA","Not applicable","TOTAL","Total","PWM_EX","Mean population exposure to PM2.5","2019","2019","MICRO_M3","Micrograms per cubic metre","0","Units",,,18.83,"E","Estimated value"
"PRT","Portugal","NA","Not applicable","TOTAL","Total","PWM_EX","Mean population exposure to PM2.5","2018","2018","MICRO_M3","Micrograms per cubic metre","0","Units",,,8.85,"E","Estimated value"
"PRT","Portugal","NA","Not applicable","TOTAL","Total","PWM_EX","Mean population exposure to PM2.5","2019","2019","MICRO_M3","Micrograms per cubic metre","0","Units",,,7.85,"E","Estimated value"
"SVK","Slovak Republic","NA","Not applicable","TOTAL","Total","PWM_EX","Mean population exposure to PM2.5","2018","2018","MICRO_M3","Micrograms per cubic metre","0","Units",,,18.78,"E","Estimated value"
"SVK","Slovak Republic","NA","Not applicable","TOTAL","Total","PWM_EX","Mean population exposure to PM2.5","2019","2019","MICRO_M3","Micrograms per cubic metre","0","Units",,,15.92,"E","Estimated value"
"ESP","Spain","NA","Not applicable","TOTAL","Total","PWM_EX","Mean population exposure to PM2.5","2018","2018","MICRO_M3","Micrograms per cubic metre","0","Units",,,10.38,"E","Estimated value"
"ESP","Spain","NA","Not applicable","TOTAL","Total","PWM_EX","Mean population exposure to PM2.5","2019","2019","MICRO_M3","Micrograms per cubic metre","0","Units",,,9.55,"E","Estimated value"
"SWE","Sweden","NA","Not applicable","TOTAL","Total","PWM_EX","Mean population exposure to PM2.5","2018","2018","MICRO_M3","Micrograms per cubic metre","0","Units",,,6.36,"E","Estimated value"
"SWE","Sweden","NA","Not applicable","TOTAL","Total","PWM_EX","Mean population exposure to PM2.5","2019","2019","MICRO_M3","Micrograms per cubic metre","0","Units",,,6.13,"E","Estimated value"
"CHE","Switzerland","NA","Not applicable","TOTAL","Total","PWM_EX","Mean population exposure to PM2.5","2018","2018","MICRO_M3","Micrograms per cubic metre","0","Units",,,10.25,"E","Estimated value"
"CHE","Switzerland","NA","Not applicable","TOTAL","Total","PWM_EX","Mean population exposure to PM2.5","2019","2019","MICRO_M3","Micrograms per cubic metre","0","Units",,,9.55,"E","Estimated value"
"TUR","Türkiye","NA","Not applicable","TOTAL","Total","PWM_EX","Mean population exposure to PM2.5","2018","2018","MICRO_M3","Micrograms per cubic metre","0","Units",,,23.82,"E","Estimated value"
"TUR","Türkiye","NA","Not applicable","TOTAL","Total","PWM_EX","Mean population exposure to PM2.5","2019","2019","MICRO_M3","Micrograms per cubic metre","0","Units",,,24.74,"E","Estimated value"
"GBR","United Kingdom","NA","Not applicable","TOTAL","Total","PWM_EX","Mean population exposure to PM2.5","2018","2018","MICRO_M3","Micrograms per cubic metre","0","Units",,,10.18,"E","Estimated value"
"GBR","United Kingdom","NA","Not applicable","TOTAL","Total","PWM_EX","Mean population exposure to PM2.5","2019","2019","MICRO_M3","Micrograms per cubic metre","0","Units",,,9.88,"E","Estimated value"
"USA","United States","NA","Not applicable","TOTAL","Total","PWM_EX","Mean population exposure to PM2.5","2018","2018","MICRO_M3","Micrograms per cubic metre","0","Units",,,7.84,"E","Estimated value"
"USA","United States","NA","Not applicable","TOTAL","Total","PWM_EX","Mean population exposure to PM2.5","2019","2019","MICRO_M3","Micrograms per cubic metre","0","Units",,,7.2,"E","Estimated value"
"G7M","G7","NA","Not applicable","TOTAL","Total","PWM_EX","Mean population exposure to PM2.5","2018","2018","MICRO_M3","Micrograms per cubic metre","0","Units",,,10.365,"E","Estimated value"
"G7M","G7","NA","Not applicable","TOTAL","Total","PWM_EX","Mean population exposure to PM2.5","2019","2019","MICRO_M3","Micrograms per cubic metre","0","Units",,,10.271,"E","Estimated value"
"AFG","Afghanistan","NA","Not applicable","TOTAL","Total","PWM_EX","Mean population exposure to PM2.5","2018","2018","MICRO_M3","Micrograms per cubic metre","0","Units",,,68.27,"E","Estimated value"
"AFG","Afghanistan","NA","Not applicable","TOTAL","Total","PWM_EX","Mean population exposure to PM2.5","2019","2019","MICRO_M3","Micrograms per cubic metre","0","Units",,,59.23,"E","Estimated value"
"ALB","Albania","NA","Not applicable","TOTAL","Total","PWM_EX","Mean population exposure to PM2.5","2018","2018","MICRO_M3","Micrograms per cubic metre","0","Units",,,18.9,"E","Estimated value"
"ALB","Albania","NA","Not applicable","TOTAL","Total","PWM_EX","Mean population exposure to PM2.5","2019","2019","MICRO_M3","Micrograms per cubic metre","0","Units",,,15.57,"E","Estimated value"
"DZA","Algeria","NA","Not applicable","TOTAL","Total","PWM_EX","Mean population exposure to PM2.5","2018","2018","MICRO_M3","Micrograms per cubic metre","0","Units",,,24.93,"E","Estimated value"
"DZA","Algeria","NA","Not applicable","TOTAL","Total","PWM_EX","Mean population exposure to PM2.5","2019","2019","MICRO_M3","Micrograms per cubic metre","0","Units",,,24.36,"E","Estimated value"
"ASM","American Samoa","NA","Not applicable","TOTAL","Total","PWM_EX","Mean population exposure to PM2.5","2018","2018","MICRO_M3","Micrograms per cubic metre","0","Units",,,6.96,"E","Estimated value"
"ASM","American Samoa","NA","Not applicable","TOTAL","Total","PWM_EX","Mean population exposure to PM2.5","2019","2019","MICRO_M3","Micrograms per cubic metre","0","Units",,,6.7,"E","Estimated value"
"AND","Andorra","NA","Not applicable","TOTAL","Total","PWM_EX","Mean population exposure to PM2.5","2018","2018","MICRO_M3","Micrograms per cubic metre","0","Units",,,10.43,"E","Estimated value"
"AND","Andorra","NA","Not applicable","TOTAL","Total","PWM_EX","Mean population exposure to PM2.5","2019","2019","MICRO_M3","Micrograms per cubic metre","0","Units",,,9.51,"E","Estimated value"
"AGO","Angola","NA","Not applicable","TOTAL","Total","PWM_EX","Mean population exposure to PM2.5","2018","2018","MICRO_M3","Micrograms per cubic metre","0","Units",,,24.2,"E","Estimated value"
"AGO","Angola","NA","Not applicable","TOTAL","Total","PWM_EX","Mean population exposure to PM2.5","2019","2019","MICRO_M3","Micrograms per cubic metre","0","Units",,,24.4,"E","Estimated value"
"AIA","Anguilla","NA","Not applicable","TOTAL","Total","PWM_EX","Mean population exposure to PM2.5","2018","2018","MICRO_M3","Micrograms per cubic metre","0","Units",,,7.89,"E","Estimated value"
"AIA","Anguilla","NA","Not applicable","TOTAL","Total","PWM_EX","Mean population exposure to PM2.5","2019","2019","MICRO_M3","Micrograms per cubic metre","0","Units",,,7.71,"E","Estimated value"
"ATG","Antigua and Barbuda","NA","Not applicable","TOTAL","Total","PWM_EX","Mean population exposure to PM2.5","2018","2018","MICRO_M3","Micrograms per cubic metre","0","Units",,,18.99,"E","Estimated value"
"ATG","Antigua and Barbuda","NA","Not applicable","TOTAL","Total","PWM_EX","Mean population exposure to PM2.5","2019","2019","MICRO_M3","Micrograms per cubic metre","0","Units",,,19.13,"E","Estimated value"
"ARG","Argentina","NA","Not applicable","TOTAL","Total","PWM_EX","Mean population exposure to PM2.5","2018","2018","MICRO_M3","Micrograms per cubic metre","0","Units",,,14.5,"E","Estimated value"
"ARG","Argentina","NA","Not applicable","TOTAL","Total","PWM_EX","Mean population exposure to PM2.5","2019","2019","MICRO_M3","Micrograms per cubic metre","0","Units",,,14.72,"E","Estimated value"
"ARM","Armenia","NA","Not applicable","TOTAL","Total","PWM_EX","Mean population exposure to PM2.5","2018","2018","MICRO_M3","Micrograms per cubic metre","0","Units",,,34.73,"E","Estimated value"
"ARM","Armenia","NA","Not applicable","TOTAL","Total","PWM_EX","Mean population exposure to PM2.5","2019","2019","MICRO_M3","Micrograms per cubic metre","0","Units",,,33.16,"E","Estimated value"
"ABW","Aruba","NA","Not applicable","TOTAL","Total","PWM_EX","Mean population exposure to PM2.5","2018","2018","MICRO_M3","Micrograms per cubic metre","0","Units",,,9.1,"E","Estimated value"
"ABW","Aruba","NA","Not applicable","TOTAL","Total","PWM_EX","Mean population exposure to PM2.5","2019","2019","MICRO_M3","Micrograms per cubic metre","0","Units",,,9.11,"E","Estimated value"
"AZE","Azerbaijan","NA","Not applicable","TOTAL","Total","PWM_EX","Mean population exposure to PM2.5","2018","2018","MICRO_M3","Micrograms per cubic metre","0","Units",,,23.78,"E","Estimated value"
"AZE","Azerbaijan","NA","Not applicable","TOTAL","Total","PWM_EX","Mean population exposure to PM2.5","2019","2019","MICRO_M3","Micrograms per cubic metre","0","Units",,,22.55,"E","Estimated value"
"BHS","Bahamas","NA","Not applicable","TOTAL","Total","PWM_EX","Mean population exposure to PM2.5","2018","2018","MICRO_M3","Micrograms per cubic metre","0","Units",,,18.04,"E","Estimated value"
"BHS","Bahamas","NA","Not applicable","TOTAL","Total","PWM_EX","Mean population exposure to PM2.5","2019","2019","MICRO_M3","Micrograms per cubic metre","0","Units",,,18.01,"E","Estimated value"
"BHR","Bahrain","NA","Not applicable","TOTAL","Total","PWM_EX","Mean population exposure to PM2.5","2018","2018","MICRO_M3","Micrograms per cubic metre","0","Units",,,70.01,"E","Estimated value"
"BHR","Bahrain","NA","Not applicable","TOTAL","Total","PWM_EX","Mean population exposure to PM2.5","2019","2019","MICRO_M3","Micrograms per cubic metre","0","Units",,,58.25,"E","Estimated value"
"BGD","Bangladesh","NA","Not applicable","TOTAL","Total","PWM_EX","Mean population exposure to PM2.5","2018","2018","MICRO_M3","Micrograms per cubic metre","0","Units",,,59.47,"E","Estimated value"
"BGD","Bangladesh","NA","Not applicable","TOTAL","Total","PWM_EX","Mean population exposure to PM2.5","2019","2019","MICRO_M3","Micrograms per cubic metre","0","Units",,,50.3,"E","Estimated value"
"BRB","Barbados","NA","Not applicable","TOTAL","Total","PWM_EX","Mean population exposure to PM2.5","2018","2018","MICRO_M3","Micrograms per cubic metre","0","Units",,,23,"E","Estimated value"
"BRB","Barbados","NA","Not applicable","TOTAL","Total","PWM_EX","Mean population exposure to PM2.5","2019","2019","MICRO_M3","Micrograms per cubic metre","0","Units",,,23.06,"E","Estimated value"
"BLR","Belarus","NA","Not applicable","TOTAL","Total","PWM_EX","Mean population exposure to PM2.5","2018","2018","MICRO_M3","Micrograms per cubic metre","0","Units",,,17.2,"E","Estimated value"
"BLR","Belarus","NA","Not applicable","TOTAL","Total","PWM_EX","Mean population exposure to PM2.5","2019","2019","MICRO_M3","Micrograms per cubic metre","0","Units",,,15.81,"E","Estimated value"
"BLZ","Belize","NA","Not applicable","TOTAL","Total","PWM_EX","Mean population exposure to PM2.5","2018","2018","MICRO_M3","Micrograms per cubic metre","0","Units",,,23.57,"E","Estimated value"
"BLZ","Belize","NA","Not applicable","TOTAL","Total","PWM_EX","Mean population exposure to PM2.5","2019","2019","MICRO_M3","Micrograms per cubic metre","0","Units",,,22.94,"E","Estimated value"
"BEN","Benin","NA","Not applicable","TOTAL","Total","PWM_EX","Mean population exposure to PM2.5","2018","2018","MICRO_M3","Micrograms per cubic metre","0","Units",,,53.6,"E","Estimated value"
"BEN","Benin","NA","Not applicable","TOTAL","Total","PWM_EX","Mean population exposure to PM2.5","2019","2019","MICRO_M3","Micrograms per cubic metre","0","Units",,,46.35,"E","Estimated value"
"BMU","Bermuda","NA","Not applicable","TOTAL","Total","PWM_EX","Mean population exposure to PM2.5","2018","2018","MICRO_M3","Micrograms per cubic metre","0","Units",,,7.39,"E","Estimated value"
"BMU","Bermuda","NA","Not applicable","TOTAL","Total","PWM_EX","Mean population exposure to PM2.5","2019","2019","MICRO_M3","Micrograms per cubic metre","0","Units",,,7.2,"E","Estimated value"
"BTN","Bhutan","NA","Not applicable","TOTAL","Total","PWM_EX","Mean population exposure to PM2.5","2018","2018","MICRO_M3","Micrograms per cubic metre","0","Units",,,34.12,"E","Estimated value"
"BTN","Bhutan","NA","Not applicable","TOTAL","Total","PWM_EX","Mean population exposure to PM2.5","2019","2019","MICRO_M3","Micrograms per cubic metre","0","Units",,,30.05,"E","Estimated value"
"BOL","Bolivia","NA","Not applicable","TOTAL","Total","PWM_EX","Mean population exposure to PM2.5","2018","2018","MICRO_M3","Micrograms per cubic metre","0","Units",,,25.88,"E","Estimated value"
"BOL","Bolivia","NA","Not applicable","TOTAL","Total","PWM_EX","Mean population exposure to PM2.5","2019","2019","MICRO_M3","Micrograms per cubic metre","0","Units",,,25.08,"E","Estimated value"
"BIH","Bosnia and Herzegovina","NA","Not applicable","TOTAL","Total","PWM_EX","Mean population exposure to PM2.5","2018","2018","MICRO_M3","Micrograms per cubic metre","0","Units",,,33.2,"E","Estimated value"
"BIH","Bosnia and Herzegovina","NA","Not applicable","TOTAL","Total","PWM_EX","Mean population exposure to PM2.5","2019","2019","MICRO_M3","Micrograms per cubic metre","0","Units",,,27.27,"E","Estimated value"
"BWA","Botswana","NA","Not applicable","TOTAL","Total","PWM_EX","Mean population exposure to PM2.5","2018","2018","MICRO_M3","Micrograms per cubic metre","0","Units",,,20.35,"E","Estimated value"
"BWA","Botswana","NA","Not applicable","TOTAL","Total","PWM_EX","Mean population exposure to PM2.5","2019","2019","MICRO_M3","Micrograms per cubic metre","0","Units",,,19.59,"E","Estimated value"
"BRA","Brazil","NA","Not applicable","TOTAL","Total","PWM_EX","Mean population exposure to PM2.5","2018","2018","MICRO_M3","Micrograms per cubic metre","0","Units",,,12.21,"E","Estimated value"
"BRA","Brazil","NA","Not applicable","TOTAL","Total","PWM_EX","Mean population exposure to PM2.5","2019","2019","MICRO_M3","Micrograms per cubic metre","0","Units",,,12.31,"E","Estimated value"
"VGB","British Virgin Islands","NA","Not applicable","TOTAL","Total","PWM_EX","Mean population exposure to PM2.5","2018","2018","MICRO_M3","Micrograms per cubic metre","0","Units",,,7.9,"E","Estimated value"
"VGB","British Virgin Islands","NA","Not applicable","TOTAL","Total","PWM_EX","Mean population exposure to PM2.5","2019","2019","MICRO_M3","Micrograms per cubic metre","0","Units",,,7.9,"E","Estimated value"
"BRN","Brunei Darussalam","NA","Not applicable","TOTAL","Total","PWM_EX","Mean population exposure to PM2.5","2018","2018","MICRO_M3","Micrograms per cubic metre","0","Units",,,7.51,"E","Estimated value"
"BRN","Brunei Darussalam","NA","Not applicable","TOTAL","Total","PWM_EX","Mean population exposure to PM2.5","2019","2019","MICRO_M3","Micrograms per cubic metre","0","Units",,,7.98,"E","Estimated value"
"BGR","Bulgaria","NA","Not applicable","TOTAL","Total","PWM_EX","Mean population exposure to PM2.5","2018","2018","MICRO_M3","Micrograms per cubic metre","0","Units",,,20.12,"E","Estimated value"
"BGR","Bulgaria","NA","Not applicable","TOTAL","Total","PWM_EX","Mean population exposure to PM2.5","2019","2019","MICRO_M3","Micrograms per cubic metre","0","Units",,,17.89,"E","Estimated value"
"BFA","Burkina Faso","NA","Not applicable","TOTAL","Total","PWM_EX","Mean population exposure to PM2.5","2018","2018","MICRO_M3","Micrograms per cubic metre","0","Units",,,58,"E","Estimated value"
"BFA","Burkina Faso","NA","Not applicable","TOTAL","Total","PWM_EX","Mean population exposure to PM2.5","2019","2019","MICRO_M3","Micrograms per cubic metre","0","Units",,,50.62,"E","Estimated value"
"BDI","Burundi","NA","Not applicable","TOTAL","Total","PWM_EX","Mean population exposure to PM2.5","2018","2018","MICRO_M3","Micrograms per cubic metre","0","Units",,,28.37,"E","Estimated value"
"BDI","Burundi","NA","Not applicable","TOTAL","Total","PWM_EX","Mean population exposure to PM2.5","2019","2019","MICRO_M3","Micrograms per cubic metre","0","Units",,,28.78,"E","Estimated value"
"KHM","Cambodia","NA","Not applicable","TOTAL","Total","PWM_EX","Mean population exposure to PM2.5","2018","2018","MICRO_M3","Micrograms per cubic metre","0","Units",,,23.04,"E","Estimated value"
"KHM","Cambodia","NA","Not applicable","TOTAL","Total","PWM_EX","Mean population exposure to PM2.5","2019","2019","MICRO_M3","Micrograms per cubic metre","0","Units",,,22.97,"E","Estimated value"
"CMR","Cameroon","NA","Not applicable","TOTAL","Total","PWM_EX","Mean population exposure to PM2.5","2018","2018","MICRO_M3","Micrograms per cubic metre","0","Units",,,41.82,"E","Estimated value"
"CMR","Cameroon","NA","Not applicable","TOTAL","Total","PWM_EX","Mean population exposure to PM2.5","2019","2019","MICRO_M3","Micrograms per cubic metre","0","Units",,,41.6,"E","Estimated value"
"CPV","Cabo Verde","NA","Not applicable","TOTAL","Total","PWM_EX","Mean population exposure to PM2.5","2018","2018","MICRO_M3","Micrograms per cubic metre","0","Units",,,29.34,"E","Estimated value"
"CPV","Cabo Verde","NA","Not applicable","TOTAL","Total","PWM_EX","Mean population exposure to PM2.5","2019","2019","MICRO_M3","Micrograms per cubic metre","0","Units",,,36.41,"E","Estimated value"
"CYM","Cayman Islands","NA","Not applicable","TOTAL","Total","PWM_EX","Mean population exposure to PM2.5","2018","2018","MICRO_M3","Micrograms per cubic metre","0","Units",,,9.55,"E","Estimated value"
"CYM","Cayman Islands","NA","Not applicable","TOTAL","Total","PWM_EX","Mean population exposure to PM2.5","2019","2019","MICRO_M3","Micrograms per cubic metre","0","Units",,,8.85,"E","Estimated value"
"CAF","Central African Republic","NA","Not applicable","TOTAL","Total","PWM_EX","Mean population exposure to PM2.5","2018","2018","MICRO_M3","Micrograms per cubic metre","0","Units",,,32.64,"E","Estimated value"
"CAF","Central African Republic","NA","Not applicable","TOTAL","Total","PWM_EX","Mean population exposure to PM2.5","2019","2019","MICRO_M3","Micrograms per cubic metre","0","Units",,,35.47,"E","Estimated value"
"TCD","Chad","NA","Not applicable","TOTAL","Total","PWM_EX","Mean population exposure to PM2.5","2018","2018","MICRO_M3","Micrograms per cubic metre","0","Units",,,53.95,"E","Estimated value"
"TCD","Chad","NA","Not applicable","TOTAL","Total","PWM_EX","Mean population exposure to PM2.5","2019","2019","MICRO_M3","Micrograms per cubic metre","0","Units",,,51.53,"E","Estimated value"
"CHL","Chile","NA","Not applicable","TOTAL","Total","PWM_EX","Mean population exposure to PM2.5","2018","2018","MICRO_M3","Micrograms per cubic metre","0","Units",,,23.92,"E","Estimated value"
"CHL","Chile","NA","Not applicable","TOTAL","Total","PWM_EX","Mean population exposure to PM2.5","2019","2019","MICRO_M3","Micrograms per cubic metre","0","Units",,,23.6,"E","Estimated value"
"CHN","China (People's Republic of)","NA","Not applicable","TOTAL","Total","PWM_EX","Mean population exposure to PM2.5","2018","2018","MICRO_M3","Micrograms per cubic metre","0","Units",,,40.29,"E","Estimated value"
"CHN","China (People's Republic of)","NA","Not applicable","TOTAL","Total","PWM_EX","Mean population exposure to PM2.5","2019","2019","MICRO_M3","Micrograms per cubic metre","0","Units",,,37.58,"E","Estimated value"
"COL","Colombia","NA","Not applicable","TOTAL","Total","PWM_EX","Mean population exposure to PM2.5","2018","2018","MICRO_M3","Micrograms per cubic metre","0","Units",,,16.13,"E","Estimated value"
"COL","Colombia","NA","Not applicable","TOTAL","Total","PWM_EX","Mean population exposure to PM2.5","2019","2019","MICRO_M3","Micrograms per cubic metre","0","Units",,,14.58,"E","Estimated value"
"COM","Comoros","NA","Not applicable","TOTAL","Total","PWM_EX","Mean population exposure to PM2.5","2018","2018","MICRO_M3","Micrograms per cubic metre","0","Units",,,11.43,"E","Estimated value"
"COM","Comoros","NA","Not applicable","TOTAL","Total","PWM_EX","Mean population exposure to PM2.5","2019","2019","MICRO_M3","Micrograms per cubic metre","0","Units",,,10.26,"E","Estimated value"
"COG","Congo","NA","Not applicable","TOTAL","Total","PWM_EX","Mean population exposure to PM2.5","2018","2018","MICRO_M3","Micrograms per cubic metre","0","Units",,,29.08,"E","Estimated value"
"COG","Congo","NA","Not applicable","TOTAL","Total","PWM_EX","Mean population exposure to PM2.5","2019","2019","MICRO_M3","Micrograms per cubic metre","0","Units",,,29.62,"E","Estimated value"
"COK","Cook Islands","NA","Not applicable","TOTAL","Total","PWM_EX","Mean population exposure to PM2.5","2018","2018","MICRO_M3","Micrograms per cubic metre","0","Units",,,6.78,"E","Estimated value"
"COK","Cook Islands","NA","Not applicable","TOTAL","Total","PWM_EX","Mean population exposure to PM2.5","2019","2019","MICRO_M3","Micrograms per cubic metre","0","Units",,,6.5,"E","Estimated value"
"CRI","Costa Rica","NA","Not applicable","TOTAL","Total","PWM_EX","Mean population exposure to PM2.5","2018","2018","MICRO_M3","Micrograms per cubic metre","0","Units",,,15.13,"E","Estimated value"
"CRI","Costa Rica","NA","Not applicable","TOTAL","Total","PWM_EX","Mean population exposure to PM2.5","2019","2019","MICRO_M3","Micrograms per cubic metre","0","Units",,,13.38,"E","Estimated value"
"CIV","Côte d'Ivoire","NA","Not applicable","TOTAL","Total","PWM_EX","Mean population exposure to PM2.5","2018","2018","MICRO_M3","Micrograms per cubic metre","0","Units",,,51.22,"E","Estimated value"
"CIV","Côte d'Ivoire","NA","Not applicable","TOTAL","Total","PWM_EX","Mean population exposure to PM2.5","2019","2019","MICRO_M3","Micrograms per cubic metre","0","Units",,,44.6,"E","Estimated value"
"HRV","Croatia","NA","Not applicable","TOTAL","Total","PWM_EX","Mean population exposure to PM2.5","2018","2018","MICRO_M3","Micrograms per cubic metre","0","Units",,,19.85,"E","Estimated value"
"HRV","Croatia","NA","Not applicable","TOTAL","Total","PWM_EX","Mean population exposure to PM2.5","2019","2019","MICRO_M3","Micrograms per cubic metre","0","Units",,,15.82,"E","Estimated value"
"CUB","Cuba","NA","Not applicable","TOTAL","Total","PWM_EX","Mean population exposure to PM2.5","2018","2018","MICRO_M3","Micrograms per cubic metre","0","Units",,,21.1,"E","Estimated value"
"CUB","Cuba","NA","Not applicable","TOTAL","Total","PWM_EX","Mean population exposure to PM2.5","2019","2019","MICRO_M3","Micrograms per cubic metre","0","Units",,,20.52,"E","Estimated value"
"CYP","Cyprus","NA","Not applicable","TOTAL","Total","PWM_EX","Mean population exposure to PM2.5","2018","2018","MICRO_M3","Micrograms per cubic metre","0","Units",,,15.43,"E","Estimated value"
"CYP","Cyprus","NA","Not applicable","TOTAL","Total","PWM_EX","Mean population exposure to PM2.5","2019","2019","MICRO_M3","Micrograms per cubic metre","0","Units",,,15.18,"E","Estimated value"
"PRK","Democratic People's Republic of Korea","NA","Not applicable","TOTAL","Total","PWM_EX","Mean population exposure to PM2.5","2018","2018","MICRO_M3","Micrograms per cubic metre","0","Units",,,34.74,"E","Estimated value"
"PRK","Democratic People's Republic of Korea","NA","Not applicable","TOTAL","Total","PWM_EX","Mean population exposure to PM2.5","2019","2019","MICRO_M3","Micrograms per cubic metre","0","Units",,,31.6,"E","Estimated value"
"COD","Democratic Republic of the Congo","NA","Not applicable","TOTAL","Total","PWM_EX","Mean population exposure to PM2.5","2018","2018","MICRO_M3","Micrograms per cubic metre","0","Units",,,26.96,"E","Estimated value"
"COD","Democratic Republic of the Congo","NA","Not applicable","TOTAL","Total","PWM_EX","Mean population exposure to PM2.5","2019","2019","MICRO_M3","Micrograms per cubic metre","0","Units",,,26.57,"E","Estimated value"
"DJI","Djibouti","NA","Not applicable","TOTAL","Total","PWM_EX","Mean population exposure to PM2.5","2018","2018","MICRO_M3","Micrograms per cubic metre","0","Units",,,44.66,"E","Estimated value"
"DJI","Djibouti","NA","Not applicable","TOTAL","Total","PWM_EX","Mean population exposure to PM2.5","2019","2019","MICRO_M3","Micrograms per cubic metre","0","Units",,,40.73,"E","Estimated value"
"DMA","Dominica","NA","Not applicable","TOTAL","Total","PWM_EX","Mean population exposure to PM2.5","2018","2018","MICRO_M3","Micrograms per cubic metre","0","Units",,,20.15,"E","Estimated value"
"DMA","Dominica","NA","Not applicable","TOTAL","Total","PWM_EX","Mean population exposure to PM2.5","2019","2019","MICRO_M3","Micrograms per cubic metre","0","Units",,,19.88,"E","Estimated value"
"DOM","Dominican Republic","NA","Not applicable","TOTAL","Total","PWM_EX","Mean population exposure to PM2.5","2018","2018","MICRO_M3","Micrograms per cubic metre","0","Units",,,19.94,"E","Estimated value"
"DOM","Dominican Republic","NA","Not applicable","TOTAL","Total","PWM_EX","Mean population exposure to PM2.5","2019","2019","MICRO_M3","Micrograms per cubic metre","0","Units",,,19.86,"E","Estimated value"
"ECU","Ecuador","NA","Not applicable","TOTAL","Total","PWM_EX","Mean population exposure to PM2.5","2018","2018","MICRO_M3","Micrograms per cubic metre","0","Units",,,18.94,"E","Estimated value"
"ECU","Ecuador","NA","Not applicable","TOTAL","Total","PWM_EX","Mean population exposure to PM2.5","2019","2019","MICRO_M3","Micrograms per cubic metre","0","Units",,,18.31,"E","Estimated value"
"EGY","Egypt","NA","Not applicable","TOTAL","Total","PWM_EX","Mean population exposure to PM2.5","2018","2018","MICRO_M3","Micrograms per cubic metre","0","Units",,,65.42,"E","Estimated value"
"EGY","Egypt","NA","Not applicable","TOTAL","Total","PWM_EX","Mean population exposure to PM2.5","2019","2019","MICRO_M3","Micrograms per cubic metre","0","Units",,,67.76,"E","Estimated value"
"SLV","El Salvador","NA","Not applicable","TOTAL","Total","PWM_EX","Mean population exposure to PM2.5","2018","2018","MICRO_M3","Micrograms per cubic metre","0","Units",,,21.09,"E","Estimated value"
"SLV","El Salvador","NA","Not applicable","TOTAL","Total","PWM_EX","Mean population exposure to PM2.5","2019","2019","MICRO_M3","Micrograms per cubic metre","0","Units",,,18.27,"E","Estimated value"
"GNQ","Equatorial Guinea","NA","Not applicable","TOTAL","Total","PWM_EX","Mean population exposure to PM2.5","2018","2018","MICRO_M3","Micrograms per cubic metre","0","Units",,,32.65,"E","Estimated value"
"GNQ","Equatorial Guinea","NA","Not applicable","TOTAL","Total","PWM_EX","Mean population exposure to PM2.5","2019","2019","MICRO_M3","Micrograms per cubic metre","0","Units",,,32.98,"E","Estimated value"
"ERI","Eritrea","NA","Not applicable","TOTAL","Total","PWM_EX","Mean population exposure to PM2.5","2018","2018","MICRO_M3","Micrograms per cubic metre","0","Units",,,42.21,"E","Estimated value"
"ERI","Eritrea","NA","Not applicable","TOTAL","Total","PWM_EX","Mean population exposure to PM2.5","2019","2019","MICRO_M3","Micrograms per cubic metre","0","Units",,,37.01,"E","Estimated value"
"EST","Estonia","NA","Not applicable","TOTAL","Total","PWM_EX","Mean population exposure to PM2.5","2018","2018","MICRO_M3","Micrograms per cubic metre","0","Units",,,7.96,"E","Estimated value"
"EST","Estonia","NA","Not applicable","TOTAL","Total","PWM_EX","Mean population exposure to PM2.5","2019","2019","MICRO_M3","Micrograms per cubic metre","0","Units",,,7.02,"E","Estimated value"
"ETH","Ethiopia","NA","Not applicable","TOTAL","Total","PWM_EX","Mean population exposure to PM2.5","2018","2018","MICRO_M3","Micrograms per cubic metre","0","Units",,,30.31,"E","Estimated value"
"ETH","Ethiopia","NA","Not applicable","TOTAL","Total","PWM_EX","Mean population exposure to PM2.5","2019","2019","MICRO_M3","Micrograms per cubic metre","0","Units",,,28.78,"E","Estimated value"
"FRO","Faeroe Islands","NA","Not applicable","TOTAL","Total","PWM_EX","Mean population exposure to PM2.5","2018","2018","MICRO_M3","Micrograms per cubic metre","0","Units",,,7.52,"E","Estimated value"
"FRO","Faeroe Islands","NA","Not applicable","TOTAL","Total","PWM_EX","Mean population exposure to PM2.5","2019","2019","MICRO_M3","Micrograms per cubic metre","0","Units",,,7.2,"E","Estimated value"
"FLK","Falkland Islands (Malvinas)","NA","Not applicable","TOTAL","Total","PWM_EX","Mean population exposure to PM2.5","2018","2018","MICRO_M3","Micrograms per cubic metre","0","Units",,,7.045,,
"FLK","Falkland Islands (Malvinas)","NA","Not applicable","TOTAL","Total","PWM_EX","Mean population exposure to PM2.5","2019","2019","MICRO_M3","Micrograms per cubic metre","0","Units",,,7.024,,
"FJI","Fiji","NA","Not applicable","TOTAL","Total","PWM_EX","Mean population exposure to PM2.5","2018","2018","MICRO_M3","Micrograms per cubic metre","0","Units",,,10.94,"E","Estimated value"
"FJI","Fiji","NA","Not applicable","TOTAL","Total","PWM_EX","Mean population exposure to PM2.5","2019","2019","MICRO_M3","Micrograms per cubic metre","0","Units",,,11.08,"E","Estimated value"
"PYF","French Polynesia","NA","Not applicable","TOTAL","Total","PWM_EX","Mean population exposure to PM2.5","2018","2018","MICRO_M3","Micrograms per cubic metre","0","Units",,,7.15,"E","Estimated value"
"PYF","French Polynesia","NA","Not applicable","TOTAL","Total","PWM_EX","Mean population exposure to PM2.5","2019","2019","MICRO_M3","Micrograms per cubic metre","0","Units",,,6.76,"E","Estimated value"
"GAB","Gabon","NA","Not applicable","TOTAL","Total","PWM_EX","Mean population exposure to PM2.5","2018","2018","MICRO_M3","Micrograms per cubic metre","0","Units",,,27.86,"E","Estimated value"
"GAB","Gabon","NA","Not applicable","TOTAL","Total","PWM_EX","Mean population exposure to PM2.5","2019","2019","MICRO_M3","Micrograms per cubic metre","0","Units",,,28.31,"E","Estimated value"
"GMB","Gambia","NA","Not applicable","TOTAL","Total","PWM_EX","Mean population exposure to PM2.5","2018","2018","MICRO_M3","Micrograms per cubic metre","0","Units",,,59.41,"E","Estimated value"
"GMB","Gambia","NA","Not applicable","TOTAL","Total","PWM_EX","Mean population exposure to PM2.5","2019","2019","MICRO_M3","Micrograms per cubic metre","0","Units",,,55.09,"E","Estimated value"
"GEO","Georgia","NA","Not applicable","TOTAL","Total","PWM_EX","Mean population exposure to PM2.5","2018","2018","MICRO_M3","Micrograms per cubic metre","0","Units",,,18.83,"E","Estimated value"
"GEO","Georgia","NA","Not applicable","TOTAL","Total","PWM_EX","Mean population exposure to PM2.5","2019","2019","MICRO_M3","Micrograms per cubic metre","0","Units",,,17.97,"E","Estimated value"
"GHA","Ghana","NA","Not applicable","TOTAL","Total","PWM_EX","Mean population exposure to PM2.5","2018","2018","MICRO_M3","Micrograms per cubic metre","0","Units",,,56.59,"E","Estimated value"
"GHA","Ghana","NA","Not applicable","TOTAL","Total","PWM_EX","Mean population exposure to PM2.5","2019","2019","MICRO_M3","Micrograms per cubic metre","0","Units",,,50.03,"E","Estimated value"
"GIB","Gibraltar","NA","Not applicable","TOTAL","Total","PWM_EX","Mean population exposure to PM2.5","2018","2018","MICRO_M3","Micrograms per cubic metre","0","Units",,,13.187,,
"GIB","Gibraltar","NA","Not applicable","TOTAL","Total","PWM_EX","Mean population exposure to PM2.5","2019","2019","MICRO_M3","Micrograms per cubic metre","0","Units",,,13.193,,
"GRL","Greenland","NA","Not applicable","TOTAL","Total","PWM_EX","Mean population exposure to PM2.5","2018","2018","MICRO_M3","Micrograms per cubic metre","0","Units",,,5.88,"E","Estimated value"
"GRL","Greenland","NA","Not applicable","TOTAL","Total","PWM_EX","Mean population exposure to PM2.5","2019","2019","MICRO_M3","Micrograms per cubic metre","0","Units",,,5.71,"E","Estimated value"
"GRD","Grenada","NA","Not applicable","TOTAL","Total","PWM_EX","Mean population exposure to PM2.5","2018","2018","MICRO_M3","Micrograms per cubic metre","0","Units",,,23.85,"E","Estimated value"
"GRD","Grenada","NA","Not applicable","TOTAL","Total","PWM_EX","Mean population exposure to PM2.5","2019","2019","MICRO_M3","Micrograms per cubic metre","0","Units",,,24.01,"E","Estimated value"
"GUM","Guam","NA","Not applicable","TOTAL","Total","PWM_EX","Mean population exposure to PM2.5","2018","2018","MICRO_M3","Micrograms per cubic metre","0","Units",,,9.98,"E","Estimated value"
"GUM","Guam","NA","Not applicable","TOTAL","Total","PWM_EX","Mean population exposure to PM2.5","2019","2019","MICRO_M3","Micrograms per cubic metre","0","Units",,,9.86,"E","Estimated value"
"GTM","Guatemala","NA","Not applicable","TOTAL","Total","PWM_EX","Mean population exposure to PM2.5","2018","2018","MICRO_M3","Micrograms per cubic metre","0","Units",,,23.43,"E","Estimated value"
"GTM","Guatemala","NA","Not applicable","TOTAL","Total","PWM_EX","Mean population exposure to PM2.5","2019","2019","MICRO_M3","Micrograms per cubic metre","0","Units",,,20.39,"E","Estimated value"
"GIN","Guinea","NA","Not applicable","TOTAL","Total","PWM_EX","Mean population exposure to PM2.5","2018","2018","MICRO_M3","Micrograms per cubic metre","0","Units",,,48.65,"E","Estimated value"
"GIN","Guinea","NA","Not applicable","TOTAL","Total","PWM_EX","Mean population exposure to PM2.5","2019","2019","MICRO_M3","Micrograms per cubic metre","0","Units",,,43.11,"E","Estimated value"
"GNB","Guinea-Bissau","NA","Not applicable","TOTAL","Total","PWM_EX","Mean population exposure to PM2.5","2018","2018","MICRO_M3","Micrograms per cubic metre","0","Units",,,53.97,"E","Estimated value"
"GNB","Guinea-Bissau","NA","Not applicable","TOTAL","Total","PWM_EX","Mean population exposure to PM2.5","2019","2019","MICRO_M3","Micrograms per cubic metre","0","Units",,,48.25,"E","Estimated value"
"GUY","Guyana","NA","Not applicable","TOTAL","Total","PWM_EX","Mean population exposure to PM2.5","2018","2018","MICRO_M3","Micrograms per cubic metre","0","Units",,,26.25,"E","Estimated value"
"GUY","Guyana","NA","Not applicable","TOTAL","Total","PWM_EX","Mean population exposure to PM2.5","2019","2019","MICRO_M3","Micrograms per cubic metre","0","Units",,,26.65,"E","Estimated value"
"HTI","Haiti","NA","Not applicable","TOTAL","Total","PWM_EX","Mean population exposure to PM2.5","2018","2018","MICRO_M3","Micrograms per cubic metre","0","Units",,,21.76,"E","Estimated value"
"HTI","Haiti","NA","Not applicable","TOTAL","Total","PWM_EX","Mean population exposure to PM2.5","2019","2019","MICRO_M3","Micrograms per cubic metre","0","Units",,,21.15,"E","Estimated value"
"VAT","Holy See","NA","Not applicable","TOTAL","Total","PWM_EX","Mean population exposure to PM2.5","2018","2018","MICRO_M3","Micrograms per cubic metre","0","Units",,,17.02,"E","Estimated value"
"VAT","Holy See","NA","Not applicable","TOTAL","Total","PWM_EX","Mean population exposure to PM2.5","2019","2019","MICRO_M3","Micrograms per cubic metre","0","Units",,,15.58,"E","Estimated value"
"HND","Honduras","NA","Not applicable","TOTAL","Total","PWM_EX","Mean population exposure to PM2.5","2018","2018","MICRO_M3","Micrograms per cubic metre","0","Units",,,20.59,"E","Estimated value"
"HND","Honduras","NA","Not applicable","TOTAL","Total","PWM_EX","Mean population exposure to PM2.5","2019","2019","MICRO_M3","Micrograms per cubic metre","0","Units",,,18.21,"E","Estimated value"
"HKG","Hong Kong, China","NA","Not applicable","TOTAL","Total","PWM_EX","Mean population exposure to PM2.5","2018","2018","MICRO_M3","Micrograms per cubic metre","0","Units",,,20.44,"E","Estimated value"
"HKG","Hong Kong, China","NA","Not applicable","TOTAL","Total","PWM_EX","Mean population exposure to PM2.5","2019","2019","MICRO_M3","Micrograms per cubic metre","0","Units",,,19.37,"E","Estimated value"
"IND","India","NA","Not applicable","TOTAL","Total","PWM_EX","Mean population exposure to PM2.5","2018","2018","MICRO_M3","Micrograms per cubic metre","0","Units",,,68.12,"E","Estimated value"
"IND","India","NA","Not applicable","TOTAL","Total","PWM_EX","Mean population exposure to PM2.5","2019","2019","MICRO_M3","Micrograms per cubic metre","0","Units",,,59.84,"E","Estimated value"
"IDN","Indonesia","NA","Not applicable","TOTAL","Total","PWM_EX","Mean population exposure to PM2.5","2018","2018","MICRO_M3","Micrograms per cubic metre","0","Units",,,18.69,"E","Estimated value"
"IDN","Indonesia","NA","Not applicable","TOTAL","Total","PWM_EX","Mean population exposure to PM2.5","2019","2019","MICRO_M3","Micrograms per cubic metre","0","Units",,,19.65,"E","Estimated value"
"IRN","Iran","NA","Not applicable","TOTAL","Total","PWM_EX","Mean population exposure to PM2.5","2018","2018","MICRO_M3","Micrograms per cubic metre","0","Units",,,39.17,"E","Estimated value"
"IRN","Iran","NA","Not applicable","TOTAL","Total","PWM_EX","Mean population exposure to PM2.5","2019","2019","MICRO_M3","Micrograms per cubic metre","0","Units",,,35.37,"E","Estimated value"
"IRQ","Iraq","NA","Not applicable","TOTAL","Total","PWM_EX","Mean population exposure to PM2.5","2018","2018","MICRO_M3","Micrograms per cubic metre","0","Units",,,42.58,"E","Estimated value"
"IRQ","Iraq","NA","Not applicable","TOTAL","Total","PWM_EX","Mean population exposure to PM2.5","2019","2019","MICRO_M3","Micrograms per cubic metre","0","Units",,,38.73,"E","Estimated value"
"ISR","Israel","NA","Not applicable","TOTAL","Total","PWM_EX","Mean population exposure to PM2.5","2018","2018","MICRO_M3","Micrograms per cubic metre","0","Units",,,20.58,"E","Estimated value"
"ISR","Israel","NA","Not applicable","TOTAL","Total","PWM_EX","Mean population exposure to PM2.5","2019","2019","MICRO_M3","Micrograms per cubic metre","0","Units",,,19.63,"E","Estimated value"
"JAM","Jamaica","NA","Not applicable","TOTAL","Total","PWM_EX","Mean population exposure to PM2.5","2018","2018","MICRO_M3","Micrograms per cubic metre","0","Units",,,17.72,"E","Estimated value"
"JAM","Jamaica","NA","Not applicable","TOTAL","Total","PWM_EX","Mean population exposure to PM2.5","2019","2019","MICRO_M3","Micrograms per cubic metre","0","Units",,,18.02,"E","Estimated value"
"JOR","Jordan","NA","Not applicable","TOTAL","Total","PWM_EX","Mean population exposure to PM2.5","2018","2018","MICRO_M3","Micrograms per cubic metre","0","Units",,,30.61,"E","Estimated value"
"JOR","Jordan","NA","Not applicable","TOTAL","Total","PWM_EX","Mean population exposure to PM2.5","2019","2019","MICRO_M3","Micrograms per cubic metre","0","Units",,,31,"E","Estimated value"
"KAZ","Kazakhstan","NA","Not applicable","TOTAL","Total","PWM_EX","Mean population exposure to PM2.5","2018","2018","MICRO_M3","Micrograms per cubic metre","0","Units",,,21.22,"E","Estimated value"
"KAZ","Kazakhstan","NA","Not applicable","TOTAL","Total","PWM_EX","Mean population exposure to PM2.5","2019","2019","MICRO_M3","Micrograms per cubic metre","0","Units",,,21.44,"E","Estimated value"
"KEN","Kenya","NA","Not applicable","TOTAL","Total","PWM_EX","Mean population exposure to PM2.5","2018","2018","MICRO_M3","Micrograms per cubic metre","0","Units",,,20.99,"E","Estimated value"
"KEN","Kenya","NA","Not applicable","TOTAL","Total","PWM_EX","Mean population exposure to PM2.5","2019","2019","MICRO_M3","Micrograms per cubic metre","0","Units",,,19.59,"E","Estimated value"
"KIR","Kiribati","NA","Not applicable","TOTAL","Total","PWM_EX","Mean population exposure to PM2.5","2018","2018","MICRO_M3","Micrograms per cubic metre","0","Units",,,11.37,"E","Estimated value"
"KIR","Kiribati","NA","Not applicable","TOTAL","Total","PWM_EX","Mean population exposure to PM2.5","2019","2019","MICRO_M3","Micrograms per cubic metre","0","Units",,,11.63,"E","Estimated value"
"KWT","Kuwait","NA","Not applicable","TOTAL","Total","PWM_EX","Mean population exposure to PM2.5","2018","2018","MICRO_M3","Micrograms per cubic metre","0","Units",,,65.33,"E","Estimated value"
"KWT","Kuwait","NA","Not applicable","TOTAL","Total","PWM_EX","Mean population exposure to PM2.5","2019","2019","MICRO_M3","Micrograms per cubic metre","0","Units",,,54.39,"E","Estimated value"
"KGZ","Kyrgyzstan","NA","Not applicable","TOTAL","Total","PWM_EX","Mean population exposure to PM2.5","2018","2018","MICRO_M3","Micrograms per cubic metre","0","Units",,,28.05,"E","Estimated value"
"KGZ","Kyrgyzstan","NA","Not applicable","TOTAL","Total","PWM_EX","Mean population exposure to PM2.5","2019","2019","MICRO_M3","Micrograms per cubic metre","0","Units",,,27.47,"E","Estimated value"
"LAO","Lao People's Democratic Republic","NA","Not applicable","TOTAL","Total","PWM_EX","Mean population exposure to PM2.5","2018","2018","MICRO_M3","Micrograms per cubic metre","0","Units",,,21.23,"E","Estimated value"
"LAO","Lao People's Democratic Republic","NA","Not applicable","TOTAL","Total","PWM_EX","Mean population exposure to PM2.5","2019","2019","MICRO_M3","Micrograms per cubic metre","0","Units",,,22.68,"E","Estimated value"
"LVA","Latvia","NA","Not applicable","TOTAL","Total","PWM_EX","Mean population exposure to PM2.5","2018","2018","MICRO_M3","Micrograms per cubic metre","0","Units",,,15.21,"E","Estimated value"
"LVA","Latvia","NA","Not applicable","TOTAL","Total","PWM_EX","Mean population exposure to PM2.5","2019","2019","MICRO_M3","Micrograms per cubic metre","0","Units",,,13.33,"E","Estimated value"
"LBN","Lebanon","NA","Not applicable","TOTAL","Total","PWM_EX","Mean population exposure to PM2.5","2018","2018","MICRO_M3","Micrograms per cubic metre","0","Units",,,20.14,"E","Estimated value"
"LBN","Lebanon","NA","Not applicable","TOTAL","Total","PWM_EX","Mean population exposure to PM2.5","2019","2019","MICRO_M3","Micrograms per cubic metre","0","Units",,,20.79,"E","Estimated value"
"LSO","Lesotho","NA","Not applicable","TOTAL","Total","PWM_EX","Mean population exposure to PM2.5","2018","2018","MICRO_M3","Micrograms per cubic metre","0","Units",,,23.29,"E","Estimated value"
"LSO","Lesotho","NA","Not applicable","TOTAL","Total","PWM_EX","Mean population exposure to PM2.5","2019","2019","MICRO_M3","Micrograms per cubic metre","0","Units",,,21.36,"E","Estimated value"
"LBR","Liberia","NA","Not applicable","TOTAL","Total","PWM_EX","Mean population exposure to PM2.5","2018","2018","MICRO_M3","Micrograms per cubic metre","0","Units",,,42.21,"E","Estimated value"
"LBR","Liberia","NA","Not applicable","TOTAL","Total","PWM_EX","Mean population exposure to PM2.5","2019","2019","MICRO_M3","Micrograms per cubic metre","0","Units",,,37.24,"E","Estimated value"
"LBY","Libya","NA","Not applicable","TOTAL","Total","PWM_EX","Mean population exposure to PM2.5","2018","2018","MICRO_M3","Micrograms per cubic metre","0","Units",,,37.12,"E","Estimated value"
"LBY","Libya","NA","Not applicable","TOTAL","Total","PWM_EX","Mean population exposure to PM2.5","2019","2019","MICRO_M3","Micrograms per cubic metre","0","Units",,,32.63,"E","Estimated value"
"LIE","Liechtenstein","NA","Not applicable","TOTAL","Total","PWM_EX","Mean population exposure to PM2.5","2018","2018","MICRO_M3","Micrograms per cubic metre","0","Units",,,12.46,"E","Estimated value"
"LIE","Liechtenstein","NA","Not applicable","TOTAL","Total","PWM_EX","Mean population exposure to PM2.5","2019","2019","MICRO_M3","Micrograms per cubic metre","0","Units",,,11.66,"E","Estimated value"
"LTU","Lithuania","NA","Not applicable","TOTAL","Total","PWM_EX","Mean population exposure to PM2.5","2018","2018","MICRO_M3","Micrograms per cubic metre","0","Units",,,11.25,"E","Estimated value"
"LTU","Lithuania","NA","Not applicable","TOTAL","Total","PWM_EX","Mean population exposure to PM2.5","2019","2019","MICRO_M3","Micrograms per cubic metre","0","Units",,,10.38,"E","Estimated value"
"MKD","North Macedonia","NA","Not applicable","TOTAL","Total","PWM_EX","Mean population exposure to PM2.5","2018","2018","MICRO_M3","Micrograms per cubic metre","0","Units",,,33.85,"E","Estimated value"
"MKD","North Macedonia","NA","Not applicable","TOTAL","Total","PWM_EX","Mean population exposure to PM2.5","2019","2019","MICRO_M3","Micrograms per cubic metre","0","Units",,,28.25,"E","Estimated value"
"MDG","Madagascar","NA","Not applicable","TOTAL","Total","PWM_EX","Mean population exposure to PM2.5","2018","2018","MICRO_M3","Micrograms per cubic metre","0","Units",,,12.72,"E","Estimated value"
"MDG","Madagascar","NA","Not applicable","TOTAL","Total","PWM_EX","Mean population exposure to PM2.5","2019","2019","MICRO_M3","Micrograms per cubic metre","0","Units",,,12.76,"E","Estimated value"
"MWI","Malawi","NA","Not applicable","TOTAL","Total","PWM_EX","Mean population exposure to PM2.5","2018","2018","MICRO_M3","Micrograms per cubic metre","0","Units",,,21.2,"E","Estimated value"
"MWI","Malawi","NA","Not applicable","TOTAL","Total","PWM_EX","Mean population exposure to PM2.5","2019","2019","MICRO_M3","Micrograms per cubic metre","0","Units",,,22.33,"E","Estimated value"
"MYS","Malaysia","NA","Not applicable","TOTAL","Total","PWM_EX","Mean population exposure to PM2.5","2018","2018","MICRO_M3","Micrograms per cubic metre","0","Units",,,16.73,"E","Estimated value"
"MYS","Malaysia","NA","Not applicable","TOTAL","Total","PWM_EX","Mean population exposure to PM2.5","2019","2019","MICRO_M3","Micrograms per cubic metre","0","Units",,,17.91,"E","Estimated value"
"MDV","Maldives","NA","Not applicable","TOTAL","Total","PWM_EX","Mean population exposure to PM2.5","2018","2018","MICRO_M3","Micrograms per cubic metre","0","Units",,,11.46,"E","Estimated value"
"MDV","Maldives","NA","Not applicable","TOTAL","Total","PWM_EX","Mean population exposure to PM2.5","2019","2019","MICRO_M3","Micrograms per cubic metre","0","Units",,,11.72,"E","Estimated value"
"MLI","Mali","NA","Not applicable","TOTAL","Total","PWM_EX","Mean population exposure to PM2.5","2018","2018","MICRO_M3","Micrograms per cubic metre","0","Units",,,63.78,"E","Estimated value"
"MLI","Mali","NA","Not applicable","TOTAL","Total","PWM_EX","Mean population exposure to PM2.5","2019","2019","MICRO_M3","Micrograms per cubic metre","0","Units",,,57.42,"E","Estimated value"
"MLT","Malta","NA","Not applicable","TOTAL","Total","PWM_EX","Mean population exposure to PM2.5","2018","2018","MICRO_M3","Micrograms per cubic metre","0","Units",,,13.22,"E","Estimated value"
"MLT","Malta","NA","Not applicable","TOTAL","Total","PWM_EX","Mean population exposure to PM2.5","2019","2019","MICRO_M3","Micrograms per cubic metre","0","Units",,,12.7,"E","Estimated value"
"MHL","Marshall Islands","NA","Not applicable","TOTAL","Total","PWM_EX","Mean population exposure to PM2.5","2018","2018","MICRO_M3","Micrograms per cubic metre","0","Units",,,8.49,"E","Estimated value"
"MHL","Marshall Islands","NA","Not applicable","TOTAL","Total","PWM_EX","Mean population exposure to PM2.5","2019","2019","MICRO_M3","Micrograms per cubic metre","0","Units",,,8.75,"E","Estimated value"
"MRT","Mauritania","NA","Not applicable","TOTAL","Total","PWM_EX","Mean population exposure to PM2.5","2018","2018","MICRO_M3","Micrograms per cubic metre","0","Units",,,75.26,"E","Estimated value"
"MRT","Mauritania","NA","Not applicable","TOTAL","Total","PWM_EX","Mean population exposure to PM2.5","2019","2019","MICRO_M3","Micrograms per cubic metre","0","Units",,,71.93,"E","Estimated value"
"MUS","Mauritius","NA","Not applicable","TOTAL","Total","PWM_EX","Mean population exposure to PM2.5","2018","2018","MICRO_M3","Micrograms per cubic metre","0","Units",,,9.78,"E","Estimated value"
"MUS","Mauritius","NA","Not applicable","TOTAL","Total","PWM_EX","Mean population exposure to PM2.5","2019","2019","MICRO_M3","Micrograms per cubic metre","0","Units",,,9.42,"E","Estimated value"
"FSM","Micronesia","NA","Not applicable","TOTAL","Total","PWM_EX","Mean population exposure to PM2.5","2018","2018","MICRO_M3","Micrograms per cubic metre","0","Units",,,12.1,"E","Estimated value"
"FSM","Micronesia","NA","Not applicable","TOTAL","Total","PWM_EX","Mean population exposure to PM2.5","2019","2019","MICRO_M3","Micrograms per cubic metre","0","Units",,,12.31,"E","Estimated value"
"MDA","Moldova","NA","Not applicable","TOTAL","Total","PWM_EX","Mean population exposure to PM2.5","2018","2018","MICRO_M3","Micrograms per cubic metre","0","Units",,,17.27,"E","Estimated value"
"MDA","Moldova","NA","Not applicable","TOTAL","Total","PWM_EX","Mean population exposure to PM2.5","2019","2019","MICRO_M3","Micrograms per cubic metre","0","Units",,,15.94,"E","Estimated value"
"MCO","Monaco","NA","Not applicable","TOTAL","Total","PWM_EX","Mean population exposure to PM2.5","2018","2018","MICRO_M3","Micrograms per cubic metre","0","Units",,,10.7,"E","Estimated value"
"MCO","Monaco","NA","Not applicable","TOTAL","Total","PWM_EX","Mean population exposure to PM2.5","2019","2019","MICRO_M3","Micrograms per cubic metre","0","Units",,,9.66,"E","Estimated value"
"MNG","Mongolia","NA","Not applicable","TOTAL","Total","PWM_EX","Mean population exposure to PM2.5","2018","2018","MICRO_M3","Micrograms per cubic metre","0","Units",,,34.27,"E","Estimated value"
"MNG","Mongolia","NA","Not applicable","TOTAL","Total","PWM_EX","Mean population exposure to PM2.5","2019","2019","MICRO_M3","Micrograms per cubic metre","0","Units",,,34.58,"E","Estimated value"
"MSR","Montserrat","NA","Not applicable","TOTAL","Total","PWM_EX","Mean population exposure to PM2.5","2018","2018","MICRO_M3","Micrograms per cubic metre","0","Units",,,8.11,"E","Estimated value"
"MSR","Montserrat","NA","Not applicable","TOTAL","Total","PWM_EX","Mean population exposure to PM2.5","2019","2019","MICRO_M3","Micrograms per cubic metre","0","Units",,,7.86,"E","Estimated value"
"MAR","Morocco","NA","Not applicable","TOTAL","Total","PWM_EX","Mean population exposure to PM2.5","2018","2018","MICRO_M3","Micrograms per cubic metre","0","Units",,,23.2,"E","Estimated value"
"MAR","Morocco","NA","Not applicable","TOTAL","Total","PWM_EX","Mean population exposure to PM2.5","2019","2019","MICRO_M3","Micrograms per cubic metre","0","Units",,,20.9,"E","Estimated value"
"MOZ","Mozambique","NA","Not applicable","TOTAL","Total","PWM_EX","Mean population exposure to PM2.5","2018","2018","MICRO_M3","Micrograms per cubic metre","0","Units",,,18.83,"E","Estimated value"
"MOZ","Mozambique","NA","Not applicable","TOTAL","Total","PWM_EX","Mean population exposure to PM2.5","2019","2019","MICRO_M3","Micrograms per cubic metre","0","Units",,,19.56,"E","Estimated value"
"MMR","Myanmar","NA","Not applicable","TOTAL","Total","PWM_EX","Mean population exposure to PM2.5","2018","2018","MICRO_M3","Micrograms per cubic metre","0","Units",,,32,"E","Estimated value"
"MMR","Myanmar","NA","Not applicable","TOTAL","Total","PWM_EX","Mean population exposure to PM2.5","2019","2019","MICRO_M3","Micrograms per cubic metre","0","Units",,,32.62,"E","Estimated value"
"NAM","Namibia","NA","Not applicable","TOTAL","Total","PWM_EX","Mean population exposure to PM2.5","2018","2018","MICRO_M3","Micrograms per cubic metre","0","Units",,,20.11,"E","Estimated value"
"NAM","Namibia","NA","Not applicable","TOTAL","Total","PWM_EX","Mean population exposure to PM2.5","2019","2019","MICRO_M3","Micrograms per cubic metre","0","Units",,,19.45,"E","Estimated value"
"NRU","Nauru","NA","Not applicable","TOTAL","Total","PWM_EX","Mean population exposure to PM2.5","2018","2018","MICRO_M3","Micrograms per cubic metre","0","Units",,,6.14,"E","Estimated value"
"NRU","Nauru","NA","Not applicable","TOTAL","Total","PWM_EX","Mean population exposure to PM2.5","2019","2019","MICRO_M3","Micrograms per cubic metre","0","Units",,,6.03,"E","Estimated value"
"NPL","Nepal","NA","Not applicable","TOTAL","Total","PWM_EX","Mean population exposure to PM2.5","2018","2018","MICRO_M3","Micrograms per cubic metre","0","Units",,,64.36,"E","Estimated value"
"NPL","Nepal","NA","Not applicable","TOTAL","Total","PWM_EX","Mean population exposure to PM2.5","2019","2019","MICRO_M3","Micrograms per cubic metre","0","Units",,,57.36,"E","Estimated value"
"ANT","Netherlands Antilles","NA","Not applicable","TOTAL","Total","PWM_EX","Mean population exposure to PM2.5","2018","2018","MICRO_M3","Micrograms per cubic metre","0","Units",,,9.07,"E","Estimated value"
"ANT","Netherlands Antilles","NA","Not applicable","TOTAL","Total","PWM_EX","Mean population exposure to PM2.5","2019","2019","MICRO_M3","Micrograms per cubic metre","0","Units",,,9.07,"E","Estimated value"
"NCL","New Caledonia","NA","Not applicable","TOTAL","Total","PWM_EX","Mean population exposure to PM2.5","2018","2018","MICRO_M3","Micrograms per cubic metre","0","Units",,,7.9,"E","Estimated value"
"NCL","New Caledonia","NA","Not applicable","TOTAL","Total","PWM_EX","Mean population exposure to PM2.5","2019","2019","MICRO_M3","Micrograms per cubic metre","0","Units",,,7.76,"E","Estimated value"
"NIC","Nicaragua","NA","Not applicable","TOTAL","Total","PWM_EX","Mean population exposure to PM2.5","2018","2018","MICRO_M3","Micrograms per cubic metre","0","Units",,,17.65,"E","Estimated value"
"NIC","Nicaragua","NA","Not applicable","TOTAL","Total","PWM_EX","Mean population exposure to PM2.5","2019","2019","MICRO_M3","Micrograms per cubic metre","0","Units",,,15.12,"E","Estimated value"
"NER","Niger","NA","Not applicable","TOTAL","Total","PWM_EX","Mean population exposure to PM2.5","2018","2018","MICRO_M3","Micrograms per cubic metre","0","Units",,,85.91,"E","Estimated value"
"NER","Niger","NA","Not applicable","TOTAL","Total","PWM_EX","Mean population exposure to PM2.5","2019","2019","MICRO_M3","Micrograms per cubic metre","0","Units",,,72.01,"E","Estimated value"
"NGA","Nigeria","NA","Not applicable","TOTAL","Total","PWM_EX","Mean population exposure to PM2.5","2018","2018","MICRO_M3","Micrograms per cubic metre","0","Units",,,57.04,"E","Estimated value"
"NGA","Nigeria","NA","Not applicable","TOTAL","Total","PWM_EX","Mean population exposure to PM2.5","2019","2019","MICRO_M3","Micrograms per cubic metre","0","Units",,,51.77,"E","Estimated value"
"NIU","Niue","NA","Not applicable","TOTAL","Total","PWM_EX","Mean population exposure to PM2.5","2018","2018","MICRO_M3","Micrograms per cubic metre","0","Units",,,6.73,"E","Estimated value"
"NIU","Niue","NA","Not applicable","TOTAL","Total","PWM_EX","Mean population exposure to PM2.5","2019","2019","MICRO_M3","Micrograms per cubic metre","0","Units",,,6.58,"E","Estimated value"
"NFK","Norfolk Island","NA","Not applicable","TOTAL","Total","PWM_EX","Mean population exposure to PM2.5","2018","2018","MICRO_M3","Micrograms per cubic metre","0","Units",,,6.118,,
"NFK","Norfolk Island","NA","Not applicable","TOTAL","Total","PWM_EX","Mean population exposure to PM2.5","2019","2019","MICRO_M3","Micrograms per cubic metre","0","Units",,,6.11,,
"MNP","Northern Mariana Islands","NA","Not applicable","TOTAL","Total","PWM_EX","Mean population exposure to PM2.5","2018","2018","MICRO_M3","Micrograms per cubic metre","0","Units",,,9.61,"E","Estimated value"
"MNP","Northern Mariana Islands","NA","Not applicable","TOTAL","Total","PWM_EX","Mean population exposure to PM2.5","2019","2019","MICRO_M3","Micrograms per cubic metre","0","Units",,,9.82,"E","Estimated value"
"PSE","Palestinian Authority or West Bank and Gaza Strip","NA","Not applicable","TOTAL","Total","PWM_EX","Mean population exposure to PM2.5","2018","2018","MICRO_M3","Micrograms per cubic metre","0","Units",,,30.43,"E","Estimated value"
"PSE","Palestinian Authority or West Bank and Gaza Strip","NA","Not applicable","TOTAL","Total","PWM_EX","Mean population exposure to PM2.5","2019","2019","MICRO_M3","Micrograms per cubic metre","0","Units",,,31.01,"E","Estimated value"
"OMN","Oman","NA","Not applicable","TOTAL","Total","PWM_EX","Mean population exposure to PM2.5","2018","2018","MICRO_M3","Micrograms per cubic metre","0","Units",,,49.47,"E","Estimated value"
"OMN","Oman","NA","Not applicable","TOTAL","Total","PWM_EX","Mean population exposure to PM2.5","2019","2019","MICRO_M3","Micrograms per cubic metre","0","Units",,,44.68,"E","Estimated value"
"PAK","Pakistan","NA","Not applicable","TOTAL","Total","PWM_EX","Mean population exposure to PM2.5","2018","2018","MICRO_M3","Micrograms per cubic metre","0","Units",,,64.3,"E","Estimated value"
"PAK","Pakistan","NA","Not applicable","TOTAL","Total","PWM_EX","Mean population exposure to PM2.5","2019","2019","MICRO_M3","Micrograms per cubic metre","0","Units",,,54.44,"E","Estimated value"
"PLW","Palau","NA","Not applicable","TOTAL","Total","PWM_EX","Mean population exposure to PM2.5","2018","2018","MICRO_M3","Micrograms per cubic metre","0","Units",,,7.89,"E","Estimated value"
"PLW","Palau","NA","Not applicable","TOTAL","Total","PWM_EX","Mean population exposure to PM2.5","2019","2019","MICRO_M3","Micrograms per cubic metre","0","Units",,,7.75,"E","Estimated value"
"PAN","Panama","NA","Not applicable","TOTAL","Total","PWM_EX","Mean population exposure to PM2.5","2018","2018","MICRO_M3","Micrograms per cubic metre","0","Units",,,13.25,"E","Estimated value"
"PAN","Panama","NA","Not applicable","TOTAL","Total","PWM_EX","Mean population exposure to PM2.5","2019","2019","MICRO_M3","Micrograms per cubic metre","0","Units",,,11.92,"E","Estimated value"
"PNG","Papua New Guinea","NA","Not applicable","TOTAL","Total","PWM_EX","Mean population exposure to PM2.5","2018","2018","MICRO_M3","Micrograms per cubic metre","0","Units",,,16.58,"E","Estimated value"
"PNG","Papua New Guinea","NA","Not applicable","TOTAL","Total","PWM_EX","Mean population exposure to PM2.5","2019","2019","MICRO_M3","Micrograms per cubic metre","0","Units",,,16.54,"E","Estimated value"
"PRY","Paraguay","NA","Not applicable","TOTAL","Total","PWM_EX","Mean population exposure to PM2.5","2018","2018","MICRO_M3","Micrograms per cubic metre","0","Units",,,10.68,"E","Estimated value"
"PRY","Paraguay","NA","Not applicable","TOTAL","Total","PWM_EX","Mean population exposure to PM2.5","2019","2019","MICRO_M3","Micrograms per cubic metre","0","Units",,,10.32,"E","Estimated value"
"PER","Peru","NA","Not applicable","TOTAL","Total","PWM_EX","Mean population exposure to PM2.5","2018","2018","MICRO_M3","Micrograms per cubic metre","0","Units",,,30.86,"E","Estimated value"
"PER","Peru","NA","Not applicable","TOTAL","Total","PWM_EX","Mean population exposure to PM2.5","2019","2019","MICRO_M3","Micrograms per cubic metre","0","Units",,,29.3,"E","Estimated value"
"PHL","Philippines","NA","Not applicable","TOTAL","Total","PWM_EX","Mean population exposure to PM2.5","2018","2018","MICRO_M3","Micrograms per cubic metre","0","Units",,,20.37,"E","Estimated value"
"PHL","Philippines","NA","Not applicable","TOTAL","Total","PWM_EX","Mean population exposure to PM2.5","2019","2019","MICRO_M3","Micrograms per cubic metre","0","Units",,,21.36,"E","Estimated value"
"PCN","Pitcairn","NA","Not applicable","TOTAL","Total","PWM_EX","Mean population exposure to PM2.5","2018","2018","MICRO_M3","Micrograms per cubic metre","0","Units",,,6.06,"E","Estimated value"
"PCN","Pitcairn","NA","Not applicable","TOTAL","Total","PWM_EX","Mean population exposure to PM2.5","2019","2019","MICRO_M3","Micrograms per cubic metre","0","Units",,,5.86,"E","Estimated value"
"PRI","Puerto Rico","NA","Not applicable","TOTAL","Total","PWM_EX","Mean population exposure to PM2.5","2018","2018","MICRO_M3","Micrograms per cubic metre","0","Units",,,6.76,"E","Estimated value"
"PRI","Puerto Rico","NA","Not applicable","TOTAL","Total","PWM_EX","Mean population exposure to PM2.5","2019","2019","MICRO_M3","Micrograms per cubic metre","0","Units",,,6.72,"E","Estimated value"
"QAT","Qatar","NA","Not applicable","TOTAL","Total","PWM_EX","Mean population exposure to PM2.5","2018","2018","MICRO_M3","Micrograms per cubic metre","0","Units",,,95.04,"E","Estimated value"
"QAT","Qatar","NA","Not applicable","TOTAL","Total","PWM_EX","Mean population exposure to PM2.5","2019","2019","MICRO_M3","Micrograms per cubic metre","0","Units",,,82.11,"E","Estimated value"
"ROU","Romania","NA","Not applicable","TOTAL","Total","PWM_EX","Mean population exposure to PM2.5","2018","2018","MICRO_M3","Micrograms per cubic metre","0","Units",,,17.03,"E","Estimated value"
"ROU","Romania","NA","Not applicable","TOTAL","Total","PWM_EX","Mean population exposure to PM2.5","2019","2019","MICRO_M3","Micrograms per cubic metre","0","Units",,,14.61,"E","Estimated value"
"RUS","Russia","NA","Not applicable","TOTAL","Total","PWM_EX","Mean population exposure to PM2.5","2018","2018","MICRO_M3","Micrograms per cubic metre","0","Units",,,12.48,"E","Estimated value"
"RUS","Russia","NA","Not applicable","TOTAL","Total","PWM_EX","Mean population exposure to PM2.5","2019","2019","MICRO_M3","Micrograms per cubic metre","0","Units",,,11.83,"E","Estimated value"
"RWA","Rwanda","NA","Not applicable","TOTAL","Total","PWM_EX","Mean population exposure to PM2.5","2018","2018","MICRO_M3","Micrograms per cubic metre","0","Units",,,30.18,"E","Estimated value"
"RWA","Rwanda","NA","Not applicable","TOTAL","Total","PWM_EX","Mean population exposure to PM2.5","2019","2019","MICRO_M3","Micrograms per cubic metre","0","Units",,,29.97,"E","Estimated value"
"SHN","Saint Helena","NA","Not applicable","TOTAL","Total","PWM_EX","Mean population exposure to PM2.5","2018","2018","MICRO_M3","Micrograms per cubic metre","0","Units",,,8.04,"E","Estimated value"
"SHN","Saint Helena","NA","Not applicable","TOTAL","Total","PWM_EX","Mean population exposure to PM2.5","2019","2019","MICRO_M3","Micrograms per cubic metre","0","Units",,,8.54,"E","Estimated value"
"KNA","Saint Kitts and Nevis","NA","Not applicable","TOTAL","Total","PWM_EX","Mean population exposure to PM2.5","2018","2018","MICRO_M3","Micrograms per cubic metre","0","Units",,,7.54,"E","Estimated value"
"KNA","Saint Kitts and Nevis","NA","Not applicable","TOTAL","Total","PWM_EX","Mean population exposure to PM2.5","2019","2019","MICRO_M3","Micrograms per cubic metre","0","Units",,,7.4,"E","Estimated value"
"LCA","Saint Lucia","NA","Not applicable","TOTAL","Total","PWM_EX","Mean population exposure to PM2.5","2018","2018","MICRO_M3","Micrograms per cubic metre","0","Units",,,22.94,"E","Estimated value"
"LCA","Saint Lucia","NA","Not applicable","TOTAL","Total","PWM_EX","Mean population exposure to PM2.5","2019","2019","MICRO_M3","Micrograms per cubic metre","0","Units",,,22.73,"E","Estimated value"
"SPM","Saint Pierre and Miquelon","NA","Not applicable","TOTAL","Total","PWM_EX","Mean population exposure to PM2.5","2018","2018","MICRO_M3","Micrograms per cubic metre","0","Units",,,8.92,"E","Estimated value"
"SPM","Saint Pierre and Miquelon","NA","Not applicable","TOTAL","Total","PWM_EX","Mean population exposure to PM2.5","2019","2019","MICRO_M3","Micrograms per cubic metre","0","Units",,,8.22,"E","Estimated value"
"VCT","Saint Vincent and the Grenadines","NA","Not applicable","TOTAL","Total","PWM_EX","Mean population exposure to PM2.5","2018","2018","MICRO_M3","Micrograms per cubic metre","0","Units",,,23.62,"E","Estimated value"
"VCT","Saint Vincent and the Grenadines","NA","Not applicable","TOTAL","Total","PWM_EX","Mean population exposure to PM2.5","2019","2019","MICRO_M3","Micrograms per cubic metre","0","Units",,,23.64,"E","Estimated value"
"WSM","Samoa","NA","Not applicable","TOTAL","Total","PWM_EX","Mean population exposure to PM2.5","2018","2018","MICRO_M3","Micrograms per cubic metre","0","Units",,,11.86,"E","Estimated value"
"WSM","Samoa","NA","Not applicable","TOTAL","Total","PWM_EX","Mean population exposure to PM2.5","2019","2019","MICRO_M3","Micrograms per cubic metre","0","Units",,,11.9,"E","Estimated value"
"SMR","San Marino","NA","Not applicable","TOTAL","Total","PWM_EX","Mean population exposure to PM2.5","2018","2018","MICRO_M3","Micrograms per cubic metre","0","Units",,,11.73,"E","Estimated value"
"SMR","San Marino","NA","Not applicable","TOTAL","Total","PWM_EX","Mean population exposure to PM2.5","2019","2019","MICRO_M3","Micrograms per cubic metre","0","Units",,,10.51,"E","Estimated value"
"STP","Sao Tome and Principe","NA","Not applicable","TOTAL","Total","PWM_EX","Mean population exposure to PM2.5","2018","2018","MICRO_M3","Micrograms per cubic metre","0","Units",,,20.13,"E","Estimated value"
"STP","Sao Tome and Principe","NA","Not applicable","TOTAL","Total","PWM_EX","Mean population exposure to PM2.5","2019","2019","MICRO_M3","Micrograms per cubic metre","0","Units",,,21.74,"E","Estimated value"
"SAU","Saudi Arabia","NA","Not applicable","TOTAL","Total","PWM_EX","Mean population exposure to PM2.5","2018","2018","MICRO_M3","Micrograms per cubic metre","0","Units",,,66.04,"E","Estimated value"
"SAU","Saudi Arabia","NA","Not applicable","TOTAL","Total","PWM_EX","Mean population exposure to PM2.5","2019","2019","MICRO_M3","Micrograms per cubic metre","0","Units",,,62.09,"E","Estimated value"
"SEN","Senegal","NA","Not applicable","TOTAL","Total","PWM_EX","Mean population exposure to PM2.5","2018","2018","MICRO_M3","Micrograms per cubic metre","0","Units",,,62.06,"E","Estimated value"
"SEN","Senegal","NA","Not applicable","TOTAL","Total","PWM_EX","Mean population exposure to PM2.5","2019","2019","MICRO_M3","Micrograms per cubic metre","0","Units",,,60.59,"E","Estimated value"
"SYC","Seychelles","NA","Not applicable","TOTAL","Total","PWM_EX","Mean population exposure to PM2.5","2018","2018","MICRO_M3","Micrograms per cubic metre","0","Units",,,8.98,"E","Estimated value"
"SYC","Seychelles","NA","Not applicable","TOTAL","Total","PWM_EX","Mean population exposure to PM2.5","2019","2019","MICRO_M3","Micrograms per cubic metre","0","Units",,,9.06,"E","Estimated value"
"SLE","Sierra Leone","NA","Not applicable","TOTAL","Total","PWM_EX","Mean population exposure to PM2.5","2018","2018","MICRO_M3","Micrograms per cubic metre","0","Units",,,44.63,"E","Estimated value"
"SLE","Sierra Leone","NA","Not applicable","TOTAL","Total","PWM_EX","Mean population exposure to PM2.5","2019","2019","MICRO_M3","Micrograms per cubic metre","0","Units",,,38.73,"E","Estimated value"
"SGP","Singapore","NA","Not applicable","TOTAL","Total","PWM_EX","Mean population exposure to PM2.5","2018","2018","MICRO_M3","Micrograms per cubic metre","0","Units",,,16.18,"E","Estimated value"
"SGP","Singapore","NA","Not applicable","TOTAL","Total","PWM_EX","Mean population exposure to PM2.5","2019","2019","MICRO_M3","Micrograms per cubic metre","0","Units",,,17.31,"E","Estimated value"
"SVN","Slovenia","NA","Not applicable","TOTAL","Total","PWM_EX","Mean population exposure to PM2.5","2018","2018","MICRO_M3","Micrograms per cubic metre","0","Units",,,18.28,"E","Estimated value"
"SVN","Slovenia","NA","Not applicable","TOTAL","Total","PWM_EX","Mean population exposure to PM2.5","2019","2019","MICRO_M3","Micrograms per cubic metre","0","Units",,,13.98,"E","Estimated value"
"SLB","Solomon Islands","NA","Not applicable","TOTAL","Total","PWM_EX","Mean population exposure to PM2.5","2018","2018","MICRO_M3","Micrograms per cubic metre","0","Units",,,14.18,"E","Estimated value"
"SLB","Solomon Islands","NA","Not applicable","TOTAL","Total","PWM_EX","Mean population exposure to PM2.5","2019","2019","MICRO_M3","Micrograms per cubic metre","0","Units",,,14.22,"E","Estimated value"
"SOM","Somalia","NA","Not applicable","TOTAL","Total","PWM_EX","Mean population exposure to PM2.5","2018","2018","MICRO_M3","Micrograms per cubic metre","0","Units",,,26.69,"E","Estimated value"
"SOM","Somalia","NA","Not applicable","TOTAL","Total","PWM_EX","Mean population exposure to PM2.5","2019","2019","MICRO_M3","Micrograms per cubic metre","0","Units",,,22.6,"E","Estimated value"
"ZAF","South Africa","NA","Not applicable","TOTAL","Total","PWM_EX","Mean population exposure to PM2.5","2018","2018","MICRO_M3","Micrograms per cubic metre","0","Units",,,23.47,"E","Estimated value"
"ZAF","South Africa","NA","Not applicable","TOTAL","Total","PWM_EX","Mean population exposure to PM2.5","2019","2019","MICRO_M3","Micrograms per cubic metre","0","Units",,,22.86,"E","Estimated value"
"LKA","Sri Lanka","NA","Not applicable","TOTAL","Total","PWM_EX","Mean population exposure to PM2.5","2018","2018","MICRO_M3","Micrograms per cubic metre","0","Units",,,20.87,"E","Estimated value"
"LKA","Sri Lanka","NA","Not applicable","TOTAL","Total","PWM_EX","Mean population exposure to PM2.5","2019","2019","MICRO_M3","Micrograms per cubic metre","0","Units",,,19.81,"E","Estimated value"
"SDN","Sudan","NA","Not applicable","TOTAL","Total","PWM_EX","Mean population exposure to PM2.5","2018","2018","MICRO_M3","Micrograms per cubic metre","0","Units",,,55.021,,
"SDN","Sudan","NA","Not applicable","TOTAL","Total","PWM_EX","Mean population exposure to PM2.5","2019","2019","MICRO_M3","Micrograms per cubic metre","0","Units",,,56.036,,
"SUR","Suriname","NA","Not applicable","TOTAL","Total","PWM_EX","Mean population exposure to PM2.5","2018","2018","MICRO_M3","Micrograms per cubic metre","0","Units",,,29.6,"E","Estimated value"
"SUR","Suriname","NA","Not applicable","TOTAL","Total","PWM_EX","Mean population exposure to PM2.5","2019","2019","MICRO_M3","Micrograms per cubic metre","0","Units",,,29.9,"E","Estimated value"
"SWZ","Eswatini","NA","Not applicable","TOTAL","Total","PWM_EX","Mean population exposure to PM2.5","2018","2018","MICRO_M3","Micrograms per cubic metre","0","Units",,,20.45,"E","Estimated value"
"SWZ","Eswatini","NA","Not applicable","TOTAL","Total","PWM_EX","Mean population exposure to PM2.5","2019","2019","MICRO_M3","Micrograms per cubic metre","0","Units",,,21.18,"E","Estimated value"
"SYR","Syrian Arab Republic","NA","Not applicable","TOTAL","Total","PWM_EX","Mean population exposure to PM2.5","2018","2018","MICRO_M3","Micrograms per cubic metre","0","Units",,,26.41,"E","Estimated value"
"SYR","Syrian Arab Republic","NA","Not applicable","TOTAL","Total","PWM_EX","Mean population exposure to PM2.5","2019","2019","MICRO_M3","Micrograms per cubic metre","0","Units",,,26.95,"E","Estimated value"
"TWN","Chinese Taipei","NA","Not applicable","TOTAL","Total","PWM_EX","Mean population exposure to PM2.5","2018","2018","MICRO_M3","Micrograms per cubic metre","0","Units",,,18.56,"E","Estimated value"
"TWN","Chinese Taipei","NA","Not applicable","TOTAL","Total","PWM_EX","Mean population exposure to PM2.5","2019","2019","MICRO_M3","Micrograms per cubic metre","0","Units",,,17.38,"E","Estimated value"
"TJK","Tajikistan","NA","Not applicable","TOTAL","Total","PWM_EX","Mean population exposure to PM2.5","2018","2018","MICRO_M3","Micrograms per cubic metre","0","Units",,,43.51,"E","Estimated value"
"TJK","Tajikistan","NA","Not applicable","TOTAL","Total","PWM_EX","Mean population exposure to PM2.5","2019","2019","MICRO_M3","Micrograms per cubic metre","0","Units",,,41.51,"E","Estimated value"
"TZA","Tanzania","NA","Not applicable","TOTAL","Total","PWM_EX","Mean population exposure to PM2.5","2018","2018","MICRO_M3","Micrograms per cubic metre","0","Units",,,21.22,"E","Estimated value"
"TZA","Tanzania","NA","Not applicable","TOTAL","Total","PWM_EX","Mean population exposure to PM2.5","2019","2019","MICRO_M3","Micrograms per cubic metre","0","Units",,,20.69,"E","Estimated value"
"THA","Thailand","NA","Not applicable","TOTAL","Total","PWM_EX","Mean population exposure to PM2.5","2018","2018","MICRO_M3","Micrograms per cubic metre","0","Units",,,29.85,"E","Estimated value"
"THA","Thailand","NA","Not applicable","TOTAL","Total","PWM_EX","Mean population exposure to PM2.5","2019","2019","MICRO_M3","Micrograms per cubic metre","0","Units",,,30.24,"E","Estimated value"
"TLS","Timor-Leste","NA","Not applicable","TOTAL","Total","PWM_EX","Mean population exposure to PM2.5","2018","2018","MICRO_M3","Micrograms per cubic metre","0","Units",,,16.95,"E","Estimated value"
"TLS","Timor-Leste","NA","Not applicable","TOTAL","Total","PWM_EX","Mean population exposure to PM2.5","2019","2019","MICRO_M3","Micrograms per cubic metre","0","Units",,,17.76,"E","Estimated value"
"TGO","Togo","NA","Not applicable","TOTAL","Total","PWM_EX","Mean population exposure to PM2.5","2018","2018","MICRO_M3","Micrograms per cubic metre","0","Units",,,55.27,"E","Estimated value"
"TGO","Togo","NA","Not applicable","TOTAL","Total","PWM_EX","Mean population exposure to PM2.5","2019","2019","MICRO_M3","Micrograms per cubic metre","0","Units",,,47.87,"E","Estimated value"
"TKL","Tokelau","NA","Not applicable","TOTAL","Total","PWM_EX","Mean population exposure to PM2.5","2018","2018","MICRO_M3","Micrograms per cubic metre","0","Units",,,7.17,"E","Estimated value"
"TKL","Tokelau","NA","Not applicable","TOTAL","Total","PWM_EX","Mean population exposure to PM2.5","2019","2019","MICRO_M3","Micrograms per cubic metre","0","Units",,,6.9,"E","Estimated value"
"TON","Tonga","NA","Not applicable","TOTAL","Total","PWM_EX","Mean population exposure to PM2.5","2018","2018","MICRO_M3","Micrograms per cubic metre","0","Units",,,12.65,"E","Estimated value"
"TON","Tonga","NA","Not applicable","TOTAL","Total","PWM_EX","Mean population exposure to PM2.5","2019","2019","MICRO_M3","Micrograms per cubic metre","0","Units",,,12.76,"E","Estimated value"
"TTO","Trinidad and Tobago","NA","Not applicable","TOTAL","Total","PWM_EX","Mean population exposure to PM2.5","2018","2018","MICRO_M3","Micrograms per cubic metre","0","Units",,,24.34,"E","Estimated value"
"TTO","Trinidad and Tobago","NA","Not applicable","TOTAL","Total","PWM_EX","Mean population exposure to PM2.5","2019","2019","MICRO_M3","Micrograms per cubic metre","0","Units",,,25.02,"E","Estimated value"
"TUN","Tunisia","NA","Not applicable","TOTAL","Total","PWM_EX","Mean population exposure to PM2.5","2018","2018","MICRO_M3","Micrograms per cubic metre","0","Units",,,25.56,"E","Estimated value"
"TUN","Tunisia","NA","Not applicable","TOTAL","Total","PWM_EX","Mean population exposure to PM2.5","2019","2019","MICRO_M3","Micrograms per cubic metre","0","Units",,,23.83,"E","Estimated value"
"TKM","Turkmenistan","NA","Not applicable","TOTAL","Total","PWM_EX","Mean population exposure to PM2.5","2018","2018","MICRO_M3","Micrograms per cubic metre","0","Units",,,22.13,"E","Estimated value"
"TKM","Turkmenistan","NA","Not applicable","TOTAL","Total","PWM_EX","Mean population exposure to PM2.5","2019","2019","MICRO_M3","Micrograms per cubic metre","0","Units",,,20.3,"E","Estimated value"
"TCA","Turks and Caicos Islands","NA","Not applicable","TOTAL","Total","PWM_EX","Mean population exposure to PM2.5","2018","2018","MICRO_M3","Micrograms per cubic metre","0","Units",,,6.02,"E","Estimated value"
"TCA","Turks and Caicos Islands","NA","Not applicable","TOTAL","Total","PWM_EX","Mean population exposure to PM2.5","2019","2019","MICRO_M3","Micrograms per cubic metre","0","Units",,,5.52,"E","Estimated value"
"TUV","Tuvalu","NA","Not applicable","TOTAL","Total","PWM_EX","Mean population exposure to PM2.5","2018","2018","MICRO_M3","Micrograms per cubic metre","0","Units",,,6.2,"E","Estimated value"
"TUV","Tuvalu","NA","Not applicable","TOTAL","Total","PWM_EX","Mean population exposure to PM2.5","2019","2019","MICRO_M3","Micrograms per cubic metre","0","Units",,,6.09,"E","Estimated value"
"UGA","Uganda","NA","Not applicable","TOTAL","Total","PWM_EX","Mean population exposure to PM2.5","2018","2018","MICRO_M3","Micrograms per cubic metre","0","Units",,,33.12,"E","Estimated value"
"UGA","Uganda","NA","Not applicable","TOTAL","Total","PWM_EX","Mean population exposure to PM2.5","2019","2019","MICRO_M3","Micrograms per cubic metre","0","Units",,,31.48,"E","Estimated value"
"UKR","Ukraine","NA","Not applicable","TOTAL","Total","PWM_EX","Mean population exposure to PM2.5","2018","2018","MICRO_M3","Micrograms per cubic metre","0","Units",,,17.28,"E","Estimated value"
"UKR","Ukraine","NA","Not applicable","TOTAL","Total","PWM_EX","Mean population exposure to PM2.5","2019","2019","MICRO_M3","Micrograms per cubic metre","0","Units",,,15.71,"E","Estimated value"
"ARE","United Arab Emirates","NA","Not applicable","TOTAL","Total","PWM_EX","Mean population exposure to PM2.5","2018","2018","MICRO_M3","Micrograms per cubic metre","0","Units",,,46.35,"E","Estimated value"
"ARE","United Arab Emirates","NA","Not applicable","TOTAL","Total","PWM_EX","Mean population exposure to PM2.5","2019","2019","MICRO_M3","Micrograms per cubic metre","0","Units",,,41.57,"E","Estimated value"
"URY","Uruguay","NA","Not applicable","TOTAL","Total","PWM_EX","Mean population exposure to PM2.5","2018","2018","MICRO_M3","Micrograms per cubic metre","0","Units",,,10.16,"E","Estimated value"
"URY","Uruguay","NA","Not applicable","TOTAL","Total","PWM_EX","Mean population exposure to PM2.5","2019","2019","MICRO_M3","Micrograms per cubic metre","0","Units",,,10.32,"E","Estimated value"
"UZB","Uzbekistan","NA","Not applicable","TOTAL","Total","PWM_EX","Mean population exposure to PM2.5","2018","2018","MICRO_M3","Micrograms per cubic metre","0","Units",,,36.29,"E","Estimated value"
"UZB","Uzbekistan","NA","Not applicable","TOTAL","Total","PWM_EX","Mean population exposure to PM2.5","2019","2019","MICRO_M3","Micrograms per cubic metre","0","Units",,,35.55,"E","Estimated value"
"VUT","Vanuatu","NA","Not applicable","TOTAL","Total","PWM_EX","Mean population exposure to PM2.5","2018","2018","MICRO_M3","Micrograms per cubic metre","0","Units",,,14.13,"E","Estimated value"
"VUT","Vanuatu","NA","Not applicable","TOTAL","Total","PWM_EX","Mean population exposure to PM2.5","2019","2019","MICRO_M3","Micrograms per cubic metre","0","Units",,,13.83,"E","Estimated value"
"VEN","Venezuela","NA","Not applicable","TOTAL","Total","PWM_EX","Mean population exposure to PM2.5","2018","2018","MICRO_M3","Micrograms per cubic metre","0","Units",,,16.64,"E","Estimated value"
"VEN","Venezuela","NA","Not applicable","TOTAL","Total","PWM_EX","Mean population exposure to PM2.5","2019","2019","MICRO_M3","Micrograms per cubic metre","0","Units",,,15.13,"E","Estimated value"
"VNM","Viet Nam","NA","Not applicable","TOTAL","Total","PWM_EX","Mean population exposure to PM2.5","2018","2018","MICRO_M3","Micrograms per cubic metre","0","Units",,,20.05,"E","Estimated value"
"VNM","Viet Nam","NA","Not applicable","TOTAL","Total","PWM_EX","Mean population exposure to PM2.5","2019","2019","MICRO_M3","Micrograms per cubic metre","0","Units",,,20.69,"E","Estimated value"
"VIR","United States Virgin Islands","NA","Not applicable","TOTAL","Total","PWM_EX","Mean population exposure to PM2.5","2018","2018","MICRO_M3","Micrograms per cubic metre","0","Units",,,8.19,"E","Estimated value"
"VIR","United States Virgin Islands","NA","Not applicable","TOTAL","Total","PWM_EX","Mean population exposure to PM2.5","2019","2019","MICRO_M3","Micrograms per cubic metre","0","Units",,,8.18,"E","Estimated value"
"WLF","Wallis and Futuna","NA","Not applicable","TOTAL","Total","PWM_EX","Mean population exposure to PM2.5","2018","2018","MICRO_M3","Micrograms per cubic metre","0","Units",,,7.01,"E","Estimated value"
"WLF","Wallis and Futuna","NA","Not applicable","TOTAL","Total","PWM_EX","Mean population exposure to PM2.5","2019","2019","MICRO_M3","Micrograms per cubic metre","0","Units",,,6.78,"E","Estimated value"
"YEM","Yemen","NA","Not applicable","TOTAL","Total","PWM_EX","Mean population exposure to PM2.5","2018","2018","MICRO_M3","Micrograms per cubic metre","0","Units",,,44.03,"E","Estimated value"
"YEM","Yemen","NA","Not applicable","TOTAL","Total","PWM_EX","Mean population exposure to PM2.5","2019","2019","MICRO_M3","Micrograms per cubic metre","0","Units",,,41.78,"E","Estimated value"
"ZMB","Zambia","NA","Not applicable","TOTAL","Total","PWM_EX","Mean population exposure to PM2.5","2018","2018","MICRO_M3","Micrograms per cubic metre","0","Units",,,23.36,"E","Estimated value"
"ZMB","Zambia","NA","Not applicable","TOTAL","Total","PWM_EX","Mean population exposure to PM2.5","2019","2019","MICRO_M3","Micrograms per cubic metre","0","Units",,,23.2,"E","Estimated value"
"ZWE","Zimbabwe","NA","Not applicable","TOTAL","Total","PWM_EX","Mean population exposure to PM2.5","2018","2018","MICRO_M3","Micrograms per cubic metre","0","Units",,,19.16,"E","Estimated value"
"ZWE","Zimbabwe","NA","Not applicable","TOTAL","Total","PWM_EX","Mean population exposure to PM2.5","2019","2019","MICRO_M3","Micrograms per cubic metre","0","Units",,,18.55,"E","Estimated value"
"WLD","World","NA","Not applicable","TOTAL","Total","PWM_EX","Mean population exposure to PM2.5","2018","2018","MICRO_M3","Micrograms per cubic metre","0","Units",,,42.877,"E","Estimated value"
"WLD","World","NA","Not applicable","TOTAL","Total","PWM_EX","Mean population exposure to PM2.5","2019","2019","MICRO_M3","Micrograms per cubic metre","0","Units",,,42.531,"E","Estimated value"
"MAC","Macau, China","NA","Not applicable","TOTAL","Total","PWM_EX","Mean population exposure to PM2.5","2018","2018","MICRO_M3","Micrograms per cubic metre","0","Units",,,24.1,"E","Estimated value"
"MAC","Macau, China","NA","Not applicable","TOTAL","Total","PWM_EX","Mean population exposure to PM2.5","2019","2019","MICRO_M3","Micrograms per cubic metre","0","Units",,,22.91,"E","Estimated value"
"CXR","Christmas Islands","NA","Not applicable","TOTAL","Total","PWM_EX","Mean population exposure to PM2.5","2018","2018","MICRO_M3","Micrograms per cubic metre","0","Units",,,7.75,"E","Estimated value"
"CXR","Christmas Islands","NA","Not applicable","TOTAL","Total","PWM_EX","Mean population exposure to PM2.5","2019","2019","MICRO_M3","Micrograms per cubic metre","0","Units",,,7.89,"E","Estimated value"
"CCK","Cocos (Keeling) Islands","NA","Not applicable","TOTAL","Total","PWM_EX","Mean population exposure to PM2.5","2018","2018","MICRO_M3","Micrograms per cubic metre","0","Units",,,7.893,,
"CCK","Cocos (Keeling) Islands","NA","Not applicable","TOTAL","Total","PWM_EX","Mean population exposure to PM2.5","2019","2019","MICRO_M3","Micrograms per cubic metre","0","Units",,,7.875,,
"SRB","Serbia","NA","Not applicable","TOTAL","Total","PWM_EX","Mean population exposure to PM2.5","2018","2018","MICRO_M3","Micrograms per cubic metre","0","Units",,,26.073,,
"SRB","Serbia","NA","Not applicable","TOTAL","Total","PWM_EX","Mean population exposure to PM2.5","2019","2019","MICRO_M3","Micrograms per cubic metre","0","Units",,,25.504,,
"MNE","Montenegro","NA","Not applicable","TOTAL","Total","PWM_EX","Mean population exposure to PM2.5","2018","2018","MICRO_M3","Micrograms per cubic metre","0","Units",,,23.26,"E","Estimated value"
"MNE","Montenegro","NA","Not applicable","TOTAL","Total","PWM_EX","Mean population exposure to PM2.5","2019","2019","MICRO_M3","Micrograms per cubic metre","0","Units",,,19.38,"E","Estimated value"
"GGY","Guernsey","NA","Not applicable","TOTAL","Total","PWM_EX","Mean population exposure to PM2.5","2018","2018","MICRO_M3","Micrograms per cubic metre","0","Units",,,10.98,"E","Estimated value"
"GGY","Guernsey","NA","Not applicable","TOTAL","Total","PWM_EX","Mean population exposure to PM2.5","2019","2019","MICRO_M3","Micrograms per cubic metre","0","Units",,,10.37,"E","Estimated value"
"IMN","Isle of Man","NA","Not applicable","TOTAL","Total","PWM_EX","Mean population exposure to PM2.5","2018","2018","MICRO_M3","Micrograms per cubic metre","0","Units",,,9.03,"E","Estimated value"
"IMN","Isle of Man","NA","Not applicable","TOTAL","Total","PWM_EX","Mean population exposure to PM2.5","2019","2019","MICRO_M3","Micrograms per cubic metre","0","Units",,,8.76,"E","Estimated value"
"JEY","Jersey","NA","Not applicable","TOTAL","Total","PWM_EX","Mean population exposure to PM2.5","2018","2018","MICRO_M3","Micrograms per cubic metre","0","Units",,,11.13,"E","Estimated value"
"JEY","Jersey","NA","Not applicable","TOTAL","Total","PWM_EX","Mean population exposure to PM2.5","2019","2019","MICRO_M3","Micrograms per cubic metre","0","Units",,,10.67,"E","Estimated value"
"G20","G20","NA","Not applicable","TOTAL","Total","PWM_EX","Mean population exposure to PM2.5","2018","2018","MICRO_M3","Micrograms per cubic metre","0","Units",,,44.12,"E","Estimated value"
"G20","G20","NA","Not applicable","TOTAL","Total","PWM_EX","Mean population exposure to PM2.5","2019","2019","MICRO_M3","Micrograms per cubic metre","0","Units",,,43.647,"E","Estimated value"
"SSD","South Sudan ","NA","Not applicable","TOTAL","Total","PWM_EX","Mean population exposure to PM2.5","2018","2018","MICRO_M3","Micrograms per cubic metre","0","Units",,,38.849,,
"SSD","South Sudan ","NA","Not applicable","TOTAL","Total","PWM_EX","Mean population exposure to PM2.5","2019","2019","MICRO_M3","Micrograms per cubic metre","0","Units",,,38.672,,
"EU28","European Union (28 countries)","NA","Not applicable","TOTAL","Total","PWM_EX","Mean population exposure to PM2.5","2018","2018","MICRO_M3","Micrograms per cubic metre","0","Units",,,13.158,"E","Estimated value"
"EU28","European Union (28 countries)","NA","Not applicable","TOTAL","Total","PWM_EX","Mean population exposure to PM2.5","2019","2019","MICRO_M3","Micrograms per cubic metre","0","Units",,,13.035,"E","Estimated value"
"OECD","OECD - Total","NA","Not applicable","TOTAL","Total","PWM_EX","Mean population exposure to PM2.5","2018","2018","MICRO_M3","Micrograms per cubic metre","0","Units",,,14.058,"E","Estimated value"
"OECD","OECD - Total","NA","Not applicable","TOTAL","Total","PWM_EX","Mean population exposure to PM2.5","2019","2019","MICRO_M3","Micrograms per cubic metre","0","Units",,,13.927,"E","Estimated value"
"OECDE","OECD - Europe","NA","Not applicable","TOTAL","Total","PWM_EX","Mean population exposure to PM2.5","2018","2018","MICRO_M3","Micrograms per cubic metre","0","Units",,,14.818,"E","Estimated value"
"OECDE","OECD - Europe","NA","Not applicable","TOTAL","Total","PWM_EX","Mean population exposure to PM2.5","2019","2019","MICRO_M3","Micrograms per cubic metre","0","Units",,,14.643,"E","Estimated value"
"EA19","Euro area (19 countries)","NA","Not applicable","TOTAL","Total","PWM_EX","Mean population exposure to PM2.5","2018","2018","MICRO_M3","Micrograms per cubic metre","0","Units",,,12.326,"E","Estimated value"
"EA19","Euro area (19 countries)","NA","Not applicable","TOTAL","Total","PWM_EX","Mean population exposure to PM2.5","2019","2019","MICRO_M3","Micrograms per cubic metre","0","Units",,,12.208,"E","Estimated value"
"EU27_2020","European Union – 27 countries (from 01/02/2020)","NA","Not applicable","TOTAL","Total","PWM_EX","Mean population exposure to PM2.5","2018","2018","MICRO_M3","Micrograms per cubic metre","0","Units",,,13.605,"E","Estimated value"
"EU27_2020","European Union – 27 countries (from 01/02/2020)","NA","Not applicable","TOTAL","Total","PWM_EX","Mean population exposure to PM2.5","2019","2019","MICRO_M3","Micrograms per cubic metre","0","Units",,,13.475,"E","Estimated value"
"MYT","Mayotte","NA","Not applicable","TOTAL","Total","PWM_EX","Mean population exposure to PM2.5","2018","2018","MICRO_M3","Micrograms per cubic metre","0","Units",,,8.88,"E","Estimated value"
"MYT","Mayotte","NA","Not applicable","TOTAL","Total","PWM_EX","Mean population exposure to PM2.5","2019","2019","MICRO_M3","Micrograms per cubic metre","0","Units",,,8.04,"E","Estimated value"
